file_path,duration_sec,sample_rate,channels,sample_width_bytes,frame_count,peak_amplitude,rms_amplitude,crest_factor,silence_ratio,clipping_ratio,zero_crossing_rate,source_path,resolved_path
..\notebooks\finetune-wav2vec2\train_set\wavs\voice-0002.wav,13.1976875,16000,1,2,211163,0.999969482421875,0.15710167586803436,6.365110218568584,0.3705620776367072,2.3678390627145853e-05,0.07356437237760582,../raw_data/wavs/voice-0002.wav,..\notebooks\finetune-wav2vec2\train_set\wavs\voice-0002.wav
..\notebooks\finetune-wav2vec2\train_set\wavs\voice-0003.wav,13.44075,16000,1,2,215052,1.0,0.1637255847454071,6.107780903974157,0.4330720011904098,3.7200305042501346e-05,0.07528911746515943,../raw_data/wavs/voice-0003.wav,..\notebooks\finetune-wav2vec2\train_set\wavs\voice-0003.wav
..\notebooks\finetune-wav2vec2\train_set\wavs\voice-0004.wav,10.6934375,16000,1,2,171095,0.9969482421875,0.1871221661567688,5.327793401837109,0.3835705309915544,5.844706157397936e-06,0.08874653699136148,../raw_data/wavs/voice-0004.wav,..\notebooks\finetune-wav2vec2\train_set\wavs\voice-0004.wav
..\notebooks\finetune-wav2vec2\train_set\wavs\voice-0005.wav,16.2454375,16000,1,2,259927,0.99627685546875,0.17662101984024048,5.64076040535784,0.3620824308363502,1.538893612437338e-05,0.08043443133815009,../raw_data/wavs/voice-0005.wav,..\notebooks\finetune-wav2vec2\train_set\wavs\voice-0005.wav
..\notebooks\finetune-wav2vec2\train_set\wavs\voice-0006.wav,18.7398125,16000,1,2,299837,0.999969482421875,0.16791188716888428,5.955322754583269,0.42009158309348077,1.6675727145082162e-05,0.09580237196333996,../raw_data/wavs/voice-0006.wav,..\notebooks\finetune-wav2vec2\train_set\wavs\voice-0006.wav
..\notebooks\finetune-wav2vec2\train_set\wavs\voice-0007.wav,12.1724375,16000,1,2,194759,0.99993896484375,0.16076810657978058,6.219759541346181,0.4633880847611664,5.1345509065049624e-06,0.08371414781421045,../raw_data/wavs/voice-0007.wav,..\notebooks\finetune-wav2vec2\train_set\wavs\voice-0007.wav
..\notebooks\finetune-wav2vec2\train_set\wavs\voice-0008.wav,13.2375,16000,1,2,211800,1.0,0.16097496449947357,6.21214611296448,0.37109065155807364,1.8885741265344665e-05,0.06978314345204652,../raw_data/wavs/voice-0008.wav,..\notebooks\finetune-wav2vec2\train_set\wavs\voice-0008.wav
..\notebooks\finetune-wav2vec2\train_set\wavs\voice-0010.wav,13.7215625,16000,1,2,219545,0.990081787109375,0.1883707493543625,5.256027225579679,0.35117629643125553,9.109749709626728e-06,0.07428579236963889,../raw_data/wavs/voice-0010.wav,..\notebooks\finetune-wav2vec2\train_set\wavs\voice-0010.wav
..\notebooks\finetune-wav2vec2\train_set\wavs\voice-0011.wav,11.2,16000,1,2,179200,0.99993896484375,0.19046089053153992,5.250101278289268,0.39804129464285715,1.674107142857143e-05,0.08548596811366135,../raw_data/wavs/voice-0011.wav,..\notebooks\finetune-wav2vec2\train_set\wavs\voice-0011.wav
..\notebooks\finetune-wav2vec2\train_set\wavs\voice-0012.wav,23.402125,16000,1,2,374434,1.0,0.17209291458129883,5.81081448026489,0.39442732230513255,1.335348819818713e-05,0.08199063650906838,../raw_data/wavs/voice-0012.wav,..\notebooks\finetune-wav2vec2\train_set\wavs\voice-0012.wav
..\notebooks\finetune-wav2vec2\train_set\wavs\voice-0013.wav,11.3995,16000,1,2,182392,0.9849853515625,0.176327183842659,5.586123081517743,0.3557776656870915,5.482696609500417e-06,0.07709261970163002,../raw_data/wavs/voice-0013.wav,..\notebooks\finetune-wav2vec2\train_set\wavs\voice-0013.wav
..\notebooks\finetune-wav2vec2\train_set\wavs\voice-0016.wav,10.2918125,16000,1,2,164669,0.997528076171875,0.1844509243965149,5.408094751683027,0.36462843643915976,6.072788442269037e-06,0.091359584132922,../raw_data/wavs/voice-0016.wav,..\notebooks\finetune-wav2vec2\train_set\wavs\voice-0016.wav
..\notebooks\finetune-wav2vec2\train_set\wavs\voice-0019.wav,9.85,16000,1,2,157600,1.0,0.19998522102832794,5.00036950159607,0.3527855329949239,1.2690355329949238e-05,0.0775639439336544,../raw_data/wavs/voice-0019.wav,..\notebooks\finetune-wav2vec2\train_set\wavs\voice-0019.wav
..\notebooks\finetune-wav2vec2\train_set\wavs\voice-0021.wav,6.85,16000,1,2,109600,0.996612548828125,0.19189557433128357,5.193515026602952,0.3315602189781022,1.8248175182481753e-05,0.08596793766366481,../raw_data/wavs/voice-0021.wav,..\notebooks\finetune-wav2vec2\train_set\wavs\voice-0021.wav
..\notebooks\finetune-wav2vec2\train_set\wavs\voice-0022.wav,15.41,16000,1,2,246560,0.999969482421875,0.1723722517490387,5.801220743334936,0.394265087605451,1.216742375081116e-05,0.07695926735588642,../raw_data/wavs/voice-0022.wav,..\notebooks\finetune-wav2vec2\train_set\wavs\voice-0022.wav
..\notebooks\finetune-wav2vec2\train_set\wavs\voice-0025.wav,8.3234375,16000,1,2,133175,0.999969482421875,0.1536112278699875,6.509742134658431,0.37312558663412804,3.0035667354984045e-05,0.0833270758556475,../raw_data/wavs/voice-0025.wav,..\notebooks\finetune-wav2vec2\train_set\wavs\voice-0025.wav
..\notebooks\finetune-wav2vec2\train_set\wavs\voice-0026.wav,10.3138125,16000,1,2,165021,0.999969482421875,0.15805593132972717,6.326681156531838,0.4061058895534508,6.059834808903109e-06,0.0795964125560538,../raw_data/wavs/voice-0026.wav,..\notebooks\finetune-wav2vec2\train_set\wavs\voice-0026.wav
..\notebooks\finetune-wav2vec2\train_set\wavs\voice-0027.wav,13.9233125,16000,1,2,222773,0.281097412109375,0.01888827607035637,14.882110525191592,0.8260785642784358,0.0,0.24154741170344568,../raw_data/wavs/voice-0027.wav,..\notebooks\finetune-wav2vec2\train_set\wavs\voice-0027.wav
..\notebooks\finetune-wav2vec2\train_set\wavs\voice-0029.wav,8.70075,16000,1,2,139212,0.999969482421875,0.17656852304935455,5.663350778226552,0.3721087262592305,6.464959917248513e-05,0.07062660278282606,../raw_data/wavs/voice-0029.wav,..\notebooks\finetune-wav2vec2\train_set\wavs\voice-0029.wav
..\notebooks\finetune-wav2vec2\train_set\wavs\voice-0030.wav,8.33,16000,1,2,133280,0.996429443359375,0.1632837951183319,6.1024392692322085,0.43240546218487397,2.2509003601440575e-05,0.07531569114414123,../raw_data/wavs/voice-0030.wav,..\notebooks\finetune-wav2vec2\train_set\wavs\voice-0030.wav
..\notebooks\finetune-wav2vec2\train_set\wavs\voice-0031.wav,14.91,16000,1,2,238560,0.999969482421875,0.1482817828655243,6.743710947478561,0.41684691482226693,4.191817572099262e-06,0.0728331356184424,../raw_data/wavs/voice-0031.wav,..\notebooks\finetune-wav2vec2\train_set\wavs\voice-0031.wav
..\notebooks\finetune-wav2vec2\train_set\wavs\voice-0033.wav,10.6455625,16000,1,2,170329,0.999176025390625,0.1776057332754135,5.62580952181989,0.4007186092796881,5.870990847125269e-06,0.0709278568409187,../raw_data/wavs/voice-0033.wav,..\notebooks\finetune-wav2vec2\train_set\wavs\voice-0033.wav
..\notebooks\finetune-wav2vec2\train_set\wavs\voice-0035.wav,14.566,16000,1,2,233056,0.994354248046875,0.17142467200756073,5.800531722779197,0.3884087944528354,8.581628449814637e-06,0.08574799939928343,../raw_data/wavs/voice-0035.wav,..\notebooks\finetune-wav2vec2\train_set\wavs\voice-0035.wav
..\notebooks\finetune-wav2vec2\train_set\wavs\voice-0036.wav,25.942,16000,1,2,415072,0.27117919921875,0.017190422862768173,15.775016204289114,0.8363850127206846,0.0,0.23219160095501734,../raw_data/wavs/voice-0036.wav,..\notebooks\finetune-wav2vec2\train_set\wavs\voice-0036.wav
..\notebooks\finetune-wav2vec2\train_set\wavs\voice-0037.wav,9.2603125,16000,1,2,148165,0.196380615234375,0.017437709495425224,11.261835465598011,0.8384571255019742,0.0,0.18259496233902972,../raw_data/wavs/voice-0037.wav,..\notebooks\finetune-wav2vec2\train_set\wavs\voice-0037.wav
..\notebooks\finetune-wav2vec2\train_set\wavs\voice-0040.wav,18.1245625,16000,1,2,289993,1.0,0.17133358120918274,5.836567431454613,0.3695261609762994,1.0345077294969189e-05,0.07951943501889708,../raw_data/wavs/voice-0040.wav,..\notebooks\finetune-wav2vec2\train_set\wavs\voice-0040.wav
..\notebooks\finetune-wav2vec2\train_set\wavs\voice-0042.wav,21.683125,16000,1,2,346930,0.998626708984375,0.17683346569538116,5.6472721668229955,0.3982013662698527,5.7648516991900385e-06,0.08371165281657053,../raw_data/wavs/voice-0042.wav,..\notebooks\finetune-wav2vec2\train_set\wavs\voice-0042.wav
..\notebooks\finetune-wav2vec2\train_set\wavs\voice-0044.wav,9.851375,16000,1,2,157622,0.3299560546875,0.01830657385289669,18.023910827819392,0.8187943307406327,0.0,0.1702120910284797,../raw_data/wavs/voice-0044.wav,..\notebooks\finetune-wav2vec2\train_set\wavs\voice-0044.wav
..\notebooks\finetune-wav2vec2\train_set\wavs\voice-0046.wav,13.2390625,16000,1,2,211825,0.999969482421875,0.14871659874916077,6.723993762851694,0.3907376372005193,9.441756166646996e-06,0.0825874310748546,../raw_data/wavs/voice-0046.wav,..\notebooks\finetune-wav2vec2\train_set\wavs\voice-0046.wav
..\notebooks\finetune-wav2vec2\train_set\wavs\voice-0047.wav,7.1016875,16000,1,2,113627,1.0,0.17305338382720947,5.7785636887544545,0.3485175178434703,4.400362589877406e-05,0.07603013394821607,../raw_data/wavs/voice-0047.wav,..\notebooks\finetune-wav2vec2\train_set\wavs\voice-0047.wav
..\notebooks\finetune-wav2vec2\train_set\wavs\voice-0048.wav,4.6140625,16000,1,2,73825,0.990936279296875,0.18913033604621887,5.239435936151005,0.2930849983068066,2.709109380291229e-05,0.096675877763329,../raw_data/wavs/voice-0048.wav,..\notebooks\finetune-wav2vec2\train_set\wavs\voice-0048.wav
..\notebooks\finetune-wav2vec2\train_set\wavs\voice-0049.wav,11.4899375,16000,1,2,183839,0.99566650390625,0.18708674609661102,5.321951045062758,0.3557297417849314,5.439542208127764e-06,0.09780350090840849,../raw_data/wavs/voice-0049.wav,..\notebooks\finetune-wav2vec2\train_set\wavs\voice-0049.wav
..\notebooks\finetune-wav2vec2\train_set\wavs\voice-0051.wav,7.55275,16000,1,2,120844,0.46478271484375,0.015821458771824837,29.376729513175114,0.8611350170467711,0.0,0.19012272121678542,../raw_data/wavs/voice-0051.wav,..\notebooks\finetune-wav2vec2\train_set\wavs\voice-0051.wav
..\notebooks\finetune-wav2vec2\train_set\wavs\voice-0053.wav,11.520125,16000,1,2,184322,0.98895263671875,0.17831477522850037,5.546105954772748,0.36199694013736833,5.425288354076019e-06,0.07128867573418113,../raw_data/wavs/voice-0053.wav,..\notebooks\finetune-wav2vec2\train_set\wavs\voice-0053.wav
..\notebooks\finetune-wav2vec2\train_set\wavs\voice-0055.wav,14.9580625,16000,1,2,239329,0.999969482421875,0.17145705223083496,5.832186366272077,0.37071980411901606,1.2535045899159733e-05,0.07768418237732318,../raw_data/wavs/voice-0055.wav,..\notebooks\finetune-wav2vec2\train_set\wavs\voice-0055.wav
..\notebooks\finetune-wav2vec2\train_set\wavs\voice-0056.wav,6.75525,16000,1,2,108084,0.982818603515625,0.15697088837623596,6.261152075281338,0.44440435217053403,9.252063210095851e-06,0.08306579203019901,../raw_data/wavs/voice-0056.wav,..\notebooks\finetune-wav2vec2\train_set\wavs\voice-0056.wav
..\notebooks\finetune-wav2vec2\train_set\wavs\voice-0060.wav,12.474125,16000,1,2,199586,0.985198974609375,0.18447814881801605,5.3404643364090445,0.3533965308187949,5.010371468940707e-06,0.07786657313926397,../raw_data/wavs/voice-0060.wav,..\notebooks\finetune-wav2vec2\train_set\wavs\voice-0060.wav
..\notebooks\finetune-wav2vec2\train_set\wavs\voice-0061.wav,15.630875,16000,1,2,250094,0.2867431640625,0.014918675646185875,19.220416802600642,0.8589450366662135,0.0,0.185718912564526,../raw_data/wavs/voice-0061.wav,..\notebooks\finetune-wav2vec2\train_set\wavs\voice-0061.wav
..\notebooks\finetune-wav2vec2\train_set\wavs\voice-0064.wav,16.43275,16000,1,2,262924,1.0,0.15694564580917358,6.371632642907952,0.3516757694238639,3.8033804445391065e-06,0.0848841676080069,../raw_data/wavs/voice-0064.wav,..\notebooks\finetune-wav2vec2\train_set\wavs\voice-0064.wav
..\notebooks\finetune-wav2vec2\train_set\wavs\voice-0065.wav,7.3885625,16000,1,2,118217,0.999969482421875,0.171310156583786,5.8371873703401835,0.4030300210629605,2.5377060828814805e-05,0.07310347161128782,../raw_data/wavs/voice-0065.wav,..\notebooks\finetune-wav2vec2\train_set\wavs\voice-0065.wav
..\notebooks\finetune-wav2vec2\train_set\wavs\voice-0066.wav,7.224375,16000,1,2,115590,0.46221923828125,0.016787953674793243,27.532792098137747,0.8707414136170949,0.0,0.24292969054148753,../raw_data/wavs/voice-0066.wav,..\notebooks\finetune-wav2vec2\train_set\wavs\voice-0066.wav
..\notebooks\finetune-wav2vec2\train_set\wavs\voice-0067.wav,10.937625,16000,1,2,175002,0.990997314453125,0.17636552453041077,5.618996780077883,0.3384532748197163,5.714220408909612e-06,0.08634807801098279,../raw_data/wavs/voice-0067.wav,..\notebooks\finetune-wav2vec2\train_set\wavs\voice-0067.wav
..\notebooks\finetune-wav2vec2\train_set\wavs\voice-0069.wav,12.60975,16000,1,2,201756,0.230987548828125,0.0160520002245903,14.389954248460057,0.8530799579690319,0.0,0.20731580382146664,../raw_data/wavs/voice-0069.wav,..\notebooks\finetune-wav2vec2\train_set\wavs\voice-0069.wav
..\notebooks\finetune-wav2vec2\train_set\wavs\voice-0072.wav,13.26525,16000,1,2,212244,0.9879150390625,0.16207650303840637,6.095362501919228,0.455423946024387,4.711558395054749e-06,0.09232342173829054,../raw_data/wavs/voice-0072.wav,..\notebooks\finetune-wav2vec2\train_set\wavs\voice-0072.wav
..\notebooks\finetune-wav2vec2\train_set\wavs\voice-0073.wav,13.034625,16000,1,2,208554,1.0,0.17396807670593262,5.748181039503889,0.4094287330859154,4.794921219444365e-06,0.0925088586594295,../raw_data/wavs/voice-0073.wav,..\notebooks\finetune-wav2vec2\train_set\wavs\voice-0073.wav
..\notebooks\finetune-wav2vec2\train_set\wavs\voice-0075.wav,15.0760625,16000,1,2,241217,0.999969482421875,0.1619243174791336,6.175536188693438,0.3860009866634607,4.145644792862858e-05,0.09085218227646591,../raw_data/wavs/voice-0075.wav,..\notebooks\finetune-wav2vec2\train_set\wavs\voice-0075.wav
..\notebooks\finetune-wav2vec2\train_set\wavs\voice-0076.wav,12.33725,16000,1,2,197396,0.986114501953125,0.15760059654712677,6.257048028737953,0.4308648604834951,5.065958783359339e-06,0.07259049114719218,../raw_data/wavs/voice-0076.wav,..\notebooks\finetune-wav2vec2\train_set\wavs\voice-0076.wav
..\notebooks\finetune-wav2vec2\train_set\wavs\voice-0078.wav,15.7480625,16000,1,2,251969,0.999969482421875,0.1705172210931778,5.864331332701285,0.3527775242192492,3.174993749231056e-05,0.07484680594361189,../raw_data/wavs/voice-0078.wav,..\notebooks\finetune-wav2vec2\train_set\wavs\voice-0078.wav
..\notebooks\finetune-wav2vec2\train_set\wavs\voice-0079.wav,15.5651875,16000,1,2,249043,0.164031982421875,0.015458634123206139,10.611026893743093,0.8459141594021916,0.0,0.1753840717629958,../raw_data/wavs/voice-0079.wav,..\notebooks\finetune-wav2vec2\train_set\wavs\voice-0079.wav
..\notebooks\finetune-wav2vec2\train_set\wavs\voice-0080.wav,8.038875,16000,1,2,128622,0.999969482421875,0.18236364424228668,5.483381770400051,0.32632831086439335,1.554943944270809e-05,0.08148747094175912,../raw_data/wavs/voice-0080.wav,..\notebooks\finetune-wav2vec2\train_set\wavs\voice-0080.wav
..\notebooks\finetune-wav2vec2\train_set\wavs\voice-0081.wav,9.0405625,16000,1,2,144649,1.0,0.1784987449645996,5.602280286050879,0.36007162164964845,5.5306293164833496e-05,0.07270062496543332,../raw_data/wavs/voice-0081.wav,..\notebooks\finetune-wav2vec2\train_set\wavs\voice-0081.wav
..\notebooks\finetune-wav2vec2\train_set\wavs\voice-0082.wav,19.3236875,16000,1,2,309179,1.0,0.17243096232414246,5.799422484925653,0.35847842188505685,1.6171861607677107e-05,0.08601517572401658,../raw_data/wavs/voice-0082.wav,..\notebooks\finetune-wav2vec2\train_set\wavs\voice-0082.wav
..\notebooks\finetune-wav2vec2\train_set\wavs\voice-0083.wav,5.4141875,16000,1,2,86627,0.983612060546875,0.19394946098327637,5.071486435487896,0.33327946252323176,1.1543745021759959e-05,0.08070325306489969,../raw_data/wavs/voice-0083.wav,..\notebooks\finetune-wav2vec2\train_set\wavs\voice-0083.wav
..\notebooks\finetune-wav2vec2\train_set\wavs\voice-0084.wav,12.7936875,16000,1,2,204699,0.983062744140625,0.16077683866024017,6.1144549944664055,0.3805392307729886,4.885221715787571e-06,0.08532081407732367,../raw_data/wavs/voice-0084.wav,..\notebooks\finetune-wav2vec2\train_set\wavs\voice-0084.wav
..\notebooks\finetune-wav2vec2\train_set\wavs\voice-0086.wav,11.6555625,16000,1,2,186489,0.9830322265625,0.1762637495994568,5.577052733737655,0.3492752923764941,5.362246566821635e-06,0.07234245635107889,../raw_data/wavs/voice-0086.wav,..\notebooks\finetune-wav2vec2\train_set\wavs\voice-0086.wav
..\notebooks\finetune-wav2vec2\train_set\wavs\voice-0089.wav,13.5921875,16000,1,2,217475,0.999969482421875,0.16969744861125946,5.892660677018139,0.3828899873548684,1.8392918726290377e-05,0.10069249657430314,../raw_data/wavs/voice-0089.wav,..\notebooks\finetune-wav2vec2\train_set\wavs\voice-0089.wav
..\notebooks\finetune-wav2vec2\train_set\wavs\voice-0091.wav,8.3203125,16000,1,2,133125,0.999969482421875,0.16394226253032684,6.0995222768558275,0.35735586854460094,2.2535211267605634e-05,0.07401370151137286,../raw_data/wavs/voice-0091.wav,..\notebooks\finetune-wav2vec2\train_set\wavs\voice-0091.wav
..\notebooks\finetune-wav2vec2\train_set\wavs\voice-0092.wav,17.5355,16000,1,2,280568,0.206878662109375,0.01600593328475952,12.925123354497552,0.8569865415870662,0.0,0.22849444161287677,../raw_data/wavs/voice-0092.wav,..\notebooks\finetune-wav2vec2\train_set\wavs\voice-0092.wav
..\notebooks\finetune-wav2vec2\train_set\wavs\voice-0099.wav,13.1613125,16000,1,2,210581,0.999969482421875,0.15388596057891846,6.4981202876467306,0.3459571376334997,4.7487665078995735e-06,0.07000664830468231,../raw_data/wavs/voice-0099.wav,..\notebooks\finetune-wav2vec2\train_set\wavs\voice-0099.wav
..\notebooks\finetune-wav2vec2\train_set\wavs\voice-0100.wav,13.4173125,16000,1,2,214677,0.999969482421875,0.1537480503320694,6.503949027399779,0.3755968268608188,4.65816086492731e-06,0.0723788406715236,../raw_data/wavs/voice-0100.wav,..\notebooks\finetune-wav2vec2\train_set\wavs\voice-0100.wav
..\notebooks\finetune-wav2vec2\train_set\wavs\voice-0106.wav,14.1,16000,1,2,225600,1.0,0.14011618494987488,7.1369342546525925,0.5011391843971631,3.102836879432624e-05,0.060877929423446026,../raw_data/wavs/voice-0106.wav,..\notebooks\finetune-wav2vec2\train_set\wavs\voice-0106.wav
..\notebooks\finetune-wav2vec2\train_set\wavs\voice-0111.wav,16.4893125,16000,1,2,263829,1.0,0.15940611064434052,6.273285233281636,0.38826664240852976,3.7903338905124154e-06,0.07765665509346999,../raw_data/wavs/voice-0111.wav,..\notebooks\finetune-wav2vec2\train_set\wavs\voice-0111.wav
..\notebooks\finetune-wav2vec2\train_set\wavs\voice-0115.wav,20.1586875,16000,1,2,322539,0.995361328125,0.16487818956375122,6.036949646030272,0.3524690037483839,3.100400261673782e-06,0.08296696823320043,../raw_data/wavs/voice-0115.wav,..\notebooks\finetune-wav2vec2\train_set\wavs\voice-0115.wav
..\notebooks\finetune-wav2vec2\train_set\wavs\voice-0117.wav,17.7693125,16000,1,2,284309,0.999969482421875,0.14997555315494537,6.667549886538968,0.4347945369298897,3.869029823185337e-05,0.08465115297494266,../raw_data/wavs/voice-0117.wav,..\notebooks\finetune-wav2vec2\train_set\wavs\voice-0117.wav
..\notebooks\finetune-wav2vec2\train_set\wavs\voice-2121.wav,7.0,16000,1,2,112000,0.479400634765625,0.04244580119848251,11.294418322412634,0.6553125,0.0,0.06291127599353566,../raw_data/wavs/voice-2121.wav,..\notebooks\finetune-wav2vec2\train_set\wavs\voice-2121.wav
..\notebooks\finetune-wav2vec2\train_set\wavs\voice-2123.wav,6.0,16000,1,2,96000,0.429962158203125,0.04969026893377304,8.65284425761866,0.6079791666666666,0.0,0.059406868821550225,../raw_data/wavs/voice-2123.wav,..\notebooks\finetune-wav2vec2\train_set\wavs\voice-2123.wav
..\notebooks\finetune-wav2vec2\train_set\wavs\voice-2124.wav,7.0,16000,1,2,112000,0.32879638671875,0.0452541708946228,7.265548792936085,0.6318214285714285,0.0,0.0870722060018393,../raw_data/wavs/voice-2124.wav,..\notebooks\finetune-wav2vec2\train_set\wavs\voice-2124.wav
..\notebooks\finetune-wav2vec2\train_set\wavs\voice-2125.wav,5.0,16000,1,2,80000,0.529754638671875,0.04569678381085396,11.592821080464025,0.6832875,0.0,0.05918823985299816,../raw_data/wavs/voice-2125.wav,..\notebooks\finetune-wav2vec2\train_set\wavs\voice-2125.wav
..\notebooks\finetune-wav2vec2\train_set\wavs\voice-2126.wav,7.0,16000,1,2,112000,0.29736328125,0.04080485552549362,7.287448452408232,0.6125625,0.0,0.08250966526486844,../raw_data/wavs/voice-2126.wav,..\notebooks\finetune-wav2vec2\train_set\wavs\voice-2126.wav
..\notebooks\finetune-wav2vec2\train_set\wavs\voice-2127.wav,6.0,16000,1,2,96000,0.511627197265625,0.046778783202171326,10.937163436989033,0.6791979166666666,0.0,0.06597985395681205,../raw_data/wavs/voice-2127.wav,..\notebooks\finetune-wav2vec2\train_set\wavs\voice-2127.wav
..\notebooks\finetune-wav2vec2\train_set\wavs\voice-2129.wav,6.0,16000,1,2,96000,0.364044189453125,0.038732245564460754,9.398995182121798,0.6355520833333334,0.0,0.09536557672475755,../raw_data/wavs/voice-2129.wav,..\notebooks\finetune-wav2vec2\train_set\wavs\voice-2129.wav
..\notebooks\finetune-wav2vec2\train_set\wavs\voice-2134.wav,6.0,16000,1,2,96000,0.53851318359375,0.055089838802814484,9.775181690425239,0.6279895833333333,0.0,0.06210481359180825,../raw_data/wavs/voice-2134.wav,..\notebooks\finetune-wav2vec2\train_set\wavs\voice-2134.wav
..\notebooks\finetune-wav2vec2\train_set\wavs\voice-2135.wav,6.0,16000,1,2,96000,0.382293701171875,0.033365506678819656,11.457752008740036,0.7037291666666666,0.0,0.058688111334493066,../raw_data/wavs/voice-2135.wav,..\notebooks\finetune-wav2vec2\train_set\wavs\voice-2135.wav
..\notebooks\finetune-wav2vec2\train_set\wavs\voice-2137.wav,6.0,16000,1,2,96000,0.33148193359375,0.03677541762590408,9.013682372440519,0.6756041666666667,0.0,0.06008395920790842,../raw_data/wavs/voice-2137.wav,..\notebooks\finetune-wav2vec2\train_set\wavs\voice-2137.wav
..\notebooks\finetune-wav2vec2\train_set\wavs\voice-2139.wav,7.0,16000,1,2,112000,0.208984375,0.024206548929214478,8.63338163614807,0.7667946428571428,0.0,0.05851837962838954,../raw_data/wavs/voice-2139.wav,..\notebooks\finetune-wav2vec2\train_set\wavs\voice-2139.wav
..\notebooks\finetune-wav2vec2\train_set\wavs\voice-2140.wav,7.0,16000,1,2,112000,0.45306396484375,0.051730573177337646,8.75814701087113,0.6065892857142857,0.0,0.06251841534299413,../raw_data/wavs/voice-2140.wav,..\notebooks\finetune-wav2vec2\train_set\wavs\voice-2140.wav
..\notebooks\finetune-wav2vec2\train_set\wavs\voice-2141.wav,6.0,16000,1,2,96000,0.381561279296875,0.04625381901860237,8.249292434499703,0.6344375,0.0,0.06934447233825353,../raw_data/wavs/voice-2141.wav,..\notebooks\finetune-wav2vec2\train_set\wavs\voice-2141.wav
..\notebooks\finetune-wav2vec2\train_set\wavs\voice-2142.wav,6.0,16000,1,2,96000,0.447967529296875,0.043023474514484406,10.41216532026164,0.64571875,0.0,0.061844394212439716,../raw_data/wavs/voice-2142.wav,..\notebooks\finetune-wav2vec2\train_set\wavs\voice-2142.wav
..\notebooks\finetune-wav2vec2\train_set\wavs\voice-2144.wav,6.0,16000,1,2,96000,0.243194580078125,0.03367762267589569,7.22125140537869,0.71353125,0.0,0.07785497765601725,../raw_data/wavs/voice-2144.wav,..\notebooks\finetune-wav2vec2\train_set\wavs\voice-2144.wav
..\notebooks\finetune-wav2vec2\train_set\wavs\voice-2148.wav,7.0,16000,1,2,112000,0.38507080078125,0.04491884633898735,8.572588838886261,0.6348571428571429,0.0,0.07806319699283029,../raw_data/wavs/voice-2148.wav,..\notebooks\finetune-wav2vec2\train_set\wavs\voice-2148.wav
..\notebooks\finetune-wav2vec2\train_set\wavs\voice-2149.wav,7.0,16000,1,2,112000,0.40350341796875,0.03794683888554573,10.633386859595513,0.6928660714285715,0.0,0.07491138313734944,../raw_data/wavs/voice-2149.wav,..\notebooks\finetune-wav2vec2\train_set\wavs\voice-2149.wav
..\notebooks\finetune-wav2vec2\train_set\wavs\voice-2150.wav,6.0,16000,1,2,96000,0.4359130859375,0.04274269938468933,10.19853898356374,0.6116979166666666,0.0,0.08098001020843967,../raw_data/wavs/voice-2150.wav,..\notebooks\finetune-wav2vec2\train_set\wavs\voice-2150.wav
..\notebooks\finetune-wav2vec2\train_set\wavs\voice-2151.wav,7.0,16000,1,2,112000,0.444732666015625,0.031544990837574005,14.098360919030387,0.6903303571428572,0.0,0.08124179680175715,../raw_data/wavs/voice-2151.wav,..\notebooks\finetune-wav2vec2\train_set\wavs\voice-2151.wav
..\notebooks\finetune-wav2vec2\train_set\wavs\voice-2155.wav,6.0,16000,1,2,96000,0.500335693359375,0.04987744614481926,10.03130136027112,0.6146875,0.0,0.061365222554401605,../raw_data/wavs/voice-2155.wav,..\notebooks\finetune-wav2vec2\train_set\wavs\voice-2155.wav
..\notebooks\finetune-wav2vec2\train_set\wavs\voice-2156.wav,5.0,16000,1,2,80000,0.292694091796875,0.026581881567835808,11.011037388377959,0.7975125,0.0,0.06801335016687708,../raw_data/wavs/voice-2156.wav,..\notebooks\finetune-wav2vec2\train_set\wavs\voice-2156.wav
..\notebooks\finetune-wav2vec2\train_set\wavs\voice-2157.wav,6.0,16000,1,2,96000,0.31500244140625,0.038597073405981064,8.161303788318747,0.66515625,0.0,0.06008395920790842,../raw_data/wavs/voice-2157.wav,..\notebooks\finetune-wav2vec2\train_set\wavs\voice-2157.wav
..\notebooks\finetune-wav2vec2\train_set\wavs\voice-2159.wav,6.0,16000,1,2,96000,0.35791015625,0.038126345723867416,9.387476020969542,0.6363229166666666,0.0,0.06115688705090678,../raw_data/wavs/voice-2159.wav,..\notebooks\finetune-wav2vec2\train_set\wavs\voice-2159.wav
..\notebooks\finetune-wav2vec2\train_set\wavs\voice-2160.wav,7.0,16000,1,2,112000,0.573211669921875,0.04779243841767311,11.99377325995377,0.6376696428571429,0.0,0.06449164724685041,../raw_data/wavs/voice-2160.wav,..\notebooks\finetune-wav2vec2\train_set\wavs\voice-2160.wav
..\notebooks\finetune-wav2vec2\train_set\wavs\voice-2161.wav,7.0,16000,1,2,112000,0.3656005859375,0.036925170570611954,9.901121112991543,0.682875,0.0,0.05906302734845847,../raw_data/wavs/voice-2161.wav,..\notebooks\finetune-wav2vec2\train_set\wavs\voice-2161.wav
..\notebooks\finetune-wav2vec2\train_set\wavs\voice-2163.wav,5.0,16000,1,2,80000,0.281768798828125,0.03394121676683426,8.30167052536125,0.6823375,0.0,0.0611257640720509,../raw_data/wavs/voice-2163.wav,..\notebooks\finetune-wav2vec2\train_set\wavs\voice-2163.wav
..\notebooks\finetune-wav2vec2\train_set\wavs\voice-2164.wav,6.0,16000,1,2,96000,0.51806640625,0.049617916345596313,10.441115717991641,0.6085833333333334,0.0,0.06157355805789644,../raw_data/wavs/voice-2164.wav,..\notebooks\finetune-wav2vec2\train_set\wavs\voice-2164.wav
..\notebooks\finetune-wav2vec2\train_set\wavs\voice-2165.wav,7.0,16000,1,2,112000,0.602203369140625,0.04685269668698311,12.853120774752176,0.6527767857142858,0.0,0.06269698836596756,../raw_data/wavs/voice-2165.wav,..\notebooks\finetune-wav2vec2\train_set\wavs\voice-2165.wav
..\notebooks\finetune-wav2vec2\train_set\wavs\voice-2168.wav,5.0,16000,1,2,80000,0.4521484375,0.048731736838817596,9.278315669221913,0.6462375,0.0,0.06936336704208802,../raw_data/wavs/voice-2168.wav,..\notebooks\finetune-wav2vec2\train_set\wavs\voice-2168.wav
..\notebooks\finetune-wav2vec2\train_set\wavs\voice-2169.wav,5.0,16000,1,2,80000,0.338287353515625,0.0345880389213562,9.780472211356027,0.684125,0.0,0.06618832735409193,../raw_data/wavs/voice-2169.wav,..\notebooks\finetune-wav2vec2\train_set\wavs\voice-2169.wav
..\notebooks\finetune-wav2vec2\train_set\wavs\voice-2171.wav,6.0,16000,1,2,96000,0.2216796875,0.026265965774655342,8.439807216755915,0.7470833333333333,0.0,0.06419858540193127,../raw_data/wavs/voice-2171.wav,..\notebooks\finetune-wav2vec2\train_set\wavs\voice-2171.wav
..\notebooks\finetune-wav2vec2\train_set\wavs\voice-2172.wav,6.0,16000,1,2,96000,0.513885498046875,0.05513896048069,9.31982564718174,0.6027083333333333,0.0,0.06863613162637111,../raw_data/wavs/voice-2172.wav,..\notebooks\finetune-wav2vec2\train_set\wavs\voice-2172.wav
..\notebooks\finetune-wav2vec2\train_set\wavs\voice-2174.wav,2.0,16000,1,2,32000,0.647796630859375,0.06917007267475128,9.36527324332039,0.692875,0.0,0.07968999031219726,../raw_data/wavs/voice-2174.wav,..\notebooks\finetune-wav2vec2\train_set\wavs\voice-2174.wav
..\notebooks\finetune-wav2vec2\train_set\wavs\voice-2175.wav,6.0,16000,1,2,96000,0.473907470703125,0.045585546642541885,10.396002803679433,0.60565625,0.0,0.057615183491494706,../raw_data/wavs/voice-2175.wav,..\notebooks\finetune-wav2vec2\train_set\wavs\voice-2175.wav
..\notebooks\finetune-wav2vec2\train_set\wavs\voice-2177.wav,7.0,16000,1,2,112000,0.662017822265625,0.04657714068889618,14.213363303845906,0.6414196428571428,0.0,0.06786667738104804,../raw_data/wavs/voice-2177.wav,..\notebooks\finetune-wav2vec2\train_set\wavs\voice-2177.wav
..\notebooks\finetune-wav2vec2\train_set\wavs\voice-2179.wav,6.0,16000,1,2,96000,0.244049072265625,0.03366464003920555,7.2494187367340785,0.6921875,0.0,0.06471942416066834,../raw_data/wavs/voice-2179.wav,..\notebooks\finetune-wav2vec2\train_set\wavs\voice-2179.wav
..\notebooks\finetune-wav2vec2\train_set\wavs\voice-2180.wav,6.0,16000,1,2,96000,0.45501708984375,0.04911874234676361,9.263614418941463,0.6138125,0.0,0.05685475890373858,../raw_data/wavs/voice-2180.wav,..\notebooks\finetune-wav2vec2\train_set\wavs\voice-2180.wav
..\notebooks\finetune-wav2vec2\train_set\wavs\voice-2182.wav,5.0,16000,1,2,80000,0.278106689453125,0.029259856790304184,9.504718066333155,0.7240125,0.0,0.05492568657108214,../raw_data/wavs/voice-2182.wav,..\notebooks\finetune-wav2vec2\train_set\wavs\voice-2182.wav
..\notebooks\finetune-wav2vec2\train_set\wavs\voice-2185.wav,6.0,16000,1,2,96000,0.343414306640625,0.044672731310129166,7.687336246726394,0.6017083333333333,0.0,0.05790685319638746,../raw_data/wavs/voice-2185.wav,..\notebooks\finetune-wav2vec2\train_set\wavs\voice-2185.wav
..\notebooks\finetune-wav2vec2\train_set\wavs\voice-2186.wav,6.0,16000,1,2,96000,0.337738037109375,0.0382210798561573,8.8364336743083,0.6622604166666667,0.0,0.0659173533057636,../raw_data/wavs/voice-2186.wav,..\notebooks\finetune-wav2vec2\train_set\wavs\voice-2186.wav
..\notebooks\finetune-wav2vec2\train_set\wavs\voice-2187.wav,6.0,16000,1,2,96000,0.373687744140625,0.043813690543174744,8.529017745546609,0.6375625,0.0,0.06299023948166127,../raw_data/wavs/voice-2187.wav,..\notebooks\finetune-wav2vec2\train_set\wavs\voice-2187.wav
..\notebooks\finetune-wav2vec2\train_set\wavs\voice-2188.wav,7.0,16000,1,2,112000,0.3760986328125,0.03616143390536308,10.400545337797599,0.7265178571428571,0.0,0.056473718515343885,../raw_data/wavs/voice-2188.wav,..\notebooks\finetune-wav2vec2\train_set\wavs\voice-2188.wav
..\notebooks\finetune-wav2vec2\train_set\wavs\voice-2189.wav,6.0,16000,1,2,96000,0.473114013671875,0.04141520708799362,11.42367856972595,0.6478541666666666,0.0,0.060458963114199106,../raw_data/wavs/voice-2189.wav,..\notebooks\finetune-wav2vec2\train_set\wavs\voice-2189.wav
..\notebooks\finetune-wav2vec2\train_set\wavs\voice-2190.wav,6.0,16000,1,2,96000,0.336273193359375,0.034573182463645935,9.72641710704445,0.7471458333333333,0.0,0.05729226346107772,../raw_data/wavs/voice-2190.wav,..\notebooks\finetune-wav2vec2\train_set\wavs\voice-2190.wav
..\notebooks\finetune-wav2vec2\train_set\wavs\voice-2191.wav,6.0,16000,1,2,96000,0.36688232421875,0.03764813765883446,9.74503247792545,0.69728125,0.0,0.06635485786310275,../raw_data/wavs/voice-2191.wav,..\notebooks\finetune-wav2vec2\train_set\wavs\voice-2191.wav
..\notebooks\finetune-wav2vec2\train_set\wavs\voice-2193.wav,6.0,16000,1,2,96000,0.451019287109375,0.04436478018760681,10.166156243807245,0.6136354166666667,0.0,0.0583443577537266,../raw_data/wavs/voice-2193.wav,..\notebooks\finetune-wav2vec2\train_set\wavs\voice-2193.wav
..\notebooks\finetune-wav2vec2\train_set\wavs\voice-2194.wav,5.0,16000,1,2,80000,0.3160400390625,0.03248058259487152,9.730122239630047,0.6560125,0.0,0.08868860860760759,../raw_data/wavs/voice-2194.wav,..\notebooks\finetune-wav2vec2\train_set\wavs\voice-2194.wav
..\notebooks\finetune-wav2vec2\train_set\wavs\voice-2196.wav,5.0,16000,1,2,80000,0.405029296875,0.037322815507650375,10.852056345855733,0.6849625,0.0,0.05985074813435168,../raw_data/wavs/voice-2196.wav,..\notebooks\finetune-wav2vec2\train_set\wavs\voice-2196.wav
..\notebooks\finetune-wav2vec2\train_set\wavs\voice-2198.wav,6.0,16000,1,2,96000,0.295928955078125,0.03774700686335564,7.839799223005665,0.6506875,0.0,0.05812560547505703,../raw_data/wavs/voice-2198.wav,..\notebooks\finetune-wav2vec2\train_set\wavs\voice-2198.wav
..\notebooks\finetune-wav2vec2\train_set\wavs\voice-2199.wav,6.0,16000,1,2,96000,0.6795654296875,0.053419485688209534,12.721302366216717,0.6180104166666667,0.0,0.08313628266961114,../raw_data/wavs/voice-2199.wav,..\notebooks\finetune-wav2vec2\train_set\wavs\voice-2199.wav
..\notebooks\finetune-wav2vec2\train_set\wavs\voice-2200.wav,6.0,16000,1,2,96000,0.376373291015625,0.04146817326545715,9.076196547320368,0.6761145833333333,0.0,0.062281898769778854,../raw_data/wavs/voice-2200.wav,..\notebooks\finetune-wav2vec2\train_set\wavs\voice-2200.wav
..\notebooks\finetune-wav2vec2\train_set\wavs\voice-2201.wav,7.0,16000,1,2,112000,0.32403564453125,0.027960240840911865,11.589157846491648,0.7736785714285714,0.0,0.07262564844328967,../raw_data/wavs/voice-2201.wav,..\notebooks\finetune-wav2vec2\train_set\wavs\voice-2201.wav
..\notebooks\finetune-wav2vec2\train_set\wavs\voice-2202.wav,6.0,16000,1,2,96000,0.6746826171875,0.044014427810907364,15.328669500965423,0.67446875,0.0,0.06509442806695903,../raw_data/wavs/voice-2202.wav,..\notebooks\finetune-wav2vec2\train_set\wavs\voice-2202.wav
..\notebooks\finetune-wav2vec2\train_set\wavs\voice-2204.wav,6.0,16000,1,2,96000,0.28961181640625,0.036116357892751694,8.018854427853954,0.6863125,0.0,0.05985479015406411,../raw_data/wavs/voice-2204.wav,..\notebooks\finetune-wav2vec2\train_set\wavs\voice-2204.wav
..\notebooks\finetune-wav2vec2\train_set\wavs\voice-2205.wav,6.0,16000,1,2,96000,0.29248046875,0.03791220113635063,7.714679179351751,0.6479895833333333,0.0,0.06167772580964385,../raw_data/wavs/voice-2205.wav,..\notebooks\finetune-wav2vec2\train_set\wavs\voice-2205.wav
..\notebooks\finetune-wav2vec2\train_set\wavs\voice-2206.wav,6.0,16000,1,2,96000,0.65380859375,0.047440055757761,13.781783838713967,0.6804895833333333,0.0,0.06327149241137929,../raw_data/wavs/voice-2206.wav,..\notebooks\finetune-wav2vec2\train_set\wavs\voice-2206.wav
..\notebooks\finetune-wav2vec2\train_set\wavs\voice-2207.wav,6.0,16000,1,2,96000,0.622833251953125,0.053663287311792374,11.606319388045744,0.61028125,0.0,0.06050063021489807,../raw_data/wavs/voice-2207.wav,..\notebooks\finetune-wav2vec2\train_set\wavs\voice-2207.wav
..\notebooks\finetune-wav2vec2\train_set\wavs\voice-2209.wav,6.0,16000,1,2,96000,0.3543701171875,0.04511716961860657,7.85444034240472,0.6085625,0.0,0.06933405556307878,../raw_data/wavs/voice-2209.wav,..\notebooks\finetune-wav2vec2\train_set\wavs\voice-2209.wav
..\notebooks\finetune-wav2vec2\train_set\wavs\voice-2210.wav,6.0,16000,1,2,96000,0.30126953125,0.03958403691649437,7.610884455406903,0.6473229166666666,0.0,0.05557349555724539,../raw_data/wavs/voice-2210.wav,..\notebooks\finetune-wav2vec2\train_set\wavs\voice-2210.wav
..\notebooks\finetune-wav2vec2\train_set\wavs\voice-2211.wav,7.0,16000,1,2,112000,0.361541748046875,0.041966572403907776,8.614993489752084,0.6651964285714286,0.0,0.06283091813319762,../raw_data/wavs/voice-2211.wav,..\notebooks\finetune-wav2vec2\train_set\wavs\voice-2211.wav
..\notebooks\finetune-wav2vec2\train_set\wavs\voice-2215.wav,7.0,16000,1,2,112000,0.33770751953125,0.03810815140604973,8.861818458022563,0.6660535714285715,0.0,0.060714827810962595,../raw_data/wavs/voice-2215.wav,..\notebooks\finetune-wav2vec2\train_set\wavs\voice-2215.wav
..\notebooks\finetune-wav2vec2\train_set\wavs\voice-2216.wav,6.0,16000,1,2,96000,0.34454345703125,0.03450929746031761,9.984076245754988,0.64903125,0.0,0.07959457911019907,../raw_data/wavs/voice-2216.wav,..\notebooks\finetune-wav2vec2\train_set\wavs\voice-2216.wav
..\notebooks\finetune-wav2vec2\train_set\wavs\voice-2219.wav,6.0,16000,1,2,96000,0.531341552734375,0.054239992052316666,9.796121507943338,0.6158333333333333,0.0,0.06260481880019583,../raw_data/wavs/voice-2219.wav,..\notebooks\finetune-wav2vec2\train_set\wavs\voice-2219.wav
..\notebooks\finetune-wav2vec2\train_set\wavs\voice-2220.wav,6.0,16000,1,2,96000,0.338531494140625,0.04265305772423744,7.936863432612845,0.65509375,0.0,0.06320899176033083,../raw_data/wavs/voice-2220.wav,..\notebooks\finetune-wav2vec2\train_set\wavs\voice-2220.wav
..\notebooks\finetune-wav2vec2\train_set\wavs\voice-2223.wav,6.0,16000,1,2,96000,0.362945556640625,0.04067208990454674,8.923700687435078,0.6179895833333333,0.0,0.0567089240512922,../raw_data/wavs/voice-2223.wav,..\notebooks\finetune-wav2vec2\train_set\wavs\voice-2223.wav
..\notebooks\finetune-wav2vec2\train_set\wavs\voice-2224.wav,6.0,16000,1,2,96000,0.539764404296875,0.05247791111469269,10.285554299545138,0.60715625,0.0,0.057302680236252464,../raw_data/wavs/voice-2224.wav,..\notebooks\finetune-wav2vec2\train_set\wavs\voice-2224.wav
..\notebooks\finetune-wav2vec2\train_set\wavs\voice-2226.wav,5.0,16000,1,2,80000,0.436737060546875,0.045250922441482544,9.651450997748242,0.6023375,0.0,0.06010075125939074,../raw_data/wavs/voice-2226.wav,..\notebooks\finetune-wav2vec2\train_set\wavs\voice-2226.wav
..\notebooks\finetune-wav2vec2\train_set\wavs\voice-2227.wav,7.0,16000,1,2,112000,0.5452880859375,0.05240003764629364,10.40625370573697,0.6033839285714285,0.0,0.06324163608603649,../raw_data/wavs/voice-2227.wav,..\notebooks\finetune-wav2vec2\train_set\wavs\voice-2227.wav
..\notebooks\finetune-wav2vec2\train_set\wavs\voice-2228.wav,6.0,16000,1,2,96000,0.465850830078125,0.03795767202973366,12.272903083023815,0.68871875,0.0,0.06766737153512016,../raw_data/wavs/voice-2228.wav,..\notebooks\finetune-wav2vec2\train_set\wavs\voice-2228.wav
..\notebooks\finetune-wav2vec2\train_set\wavs\voice-2229.wav,6.0,16000,1,2,96000,0.324859619140625,0.03976025432348251,8.17046129779814,0.64503125,0.0,0.059125615891832205,../raw_data/wavs/voice-2229.wav,..\notebooks\finetune-wav2vec2\train_set\wavs\voice-2229.wav
..\notebooks\finetune-wav2vec2\train_set\wavs\voice-2233.wav,6.0,16000,1,2,96000,0.38739013671875,0.046124789863824844,8.398740414047408,0.64159375,0.0,0.06739653538057688,../raw_data/wavs/voice-2233.wav,..\notebooks\finetune-wav2vec2\train_set\wavs\voice-2233.wav
..\notebooks\finetune-wav2vec2\train_set\wavs\voice-2235.wav,7.0,16000,1,2,112000,0.45379638671875,0.04083859175443649,11.111949928328562,0.6545625,0.0,0.08813471548853115,../raw_data/wavs/voice-2235.wav,..\notebooks\finetune-wav2vec2\train_set\wavs\voice-2235.wav
..\notebooks\finetune-wav2vec2\train_set\wavs\voice-2236.wav,7.0,16000,1,2,112000,0.271636962890625,0.024130595847964287,11.256952153278094,0.8164732142857143,0.0,0.06545594157090688,../raw_data/wavs/voice-2236.wav,..\notebooks\finetune-wav2vec2\train_set\wavs\voice-2236.wav
..\notebooks\finetune-wav2vec2\train_set\wavs\voice-2239.wav,6.0,16000,1,2,96000,0.398040771484375,0.03829973563551903,10.392781174062035,0.6290416666666667,0.0,0.08185501932311795,../raw_data/wavs/voice-2239.wav,..\notebooks\finetune-wav2vec2\train_set\wavs\voice-2239.wav
..\notebooks\finetune-wav2vec2\train_set\wavs\voice-2246.wav,5.0,16000,1,2,80000,0.26507568359375,0.04044994339346886,6.553178109924123,0.6083125,0.0,0.06283828547856848,../raw_data/wavs/voice-2246.wav,..\notebooks\finetune-wav2vec2\train_set\wavs\voice-2246.wav
..\notebooks\finetune-wav2vec2\train_set\wavs\voice-2247.wav,6.0,16000,1,2,96000,0.376495361328125,0.03593525290489197,10.477047770460288,0.7132395833333334,0.0,0.062313149095303076,../raw_data/wavs/voice-2247.wav,..\notebooks\finetune-wav2vec2\train_set\wavs\voice-2247.wav
..\notebooks\finetune-wav2vec2\train_set\wavs\voice-2250.wav,6.0,16000,1,2,96000,0.30535888671875,0.031021034345030785,9.8436075123222,0.7174791666666667,0.0,0.057990187397785393,../raw_data/wavs/voice-2250.wav,..\notebooks\finetune-wav2vec2\train_set\wavs\voice-2250.wav
..\notebooks\finetune-wav2vec2\train_set\wavs\voice-2252.wav,7.0,16000,1,2,112000,0.42047119140625,0.03676517680287361,11.436669913508629,0.7206071428571429,0.0,0.06019696604433968,../raw_data/wavs/voice-2252.wav,..\notebooks\finetune-wav2vec2\train_set\wavs\voice-2252.wav
..\notebooks\finetune-wav2vec2\train_set\wavs\voice-2253.wav,6.0,16000,1,2,96000,0.43475341796875,0.04298253729939461,10.114652258438761,0.6583541666666667,0.0,0.06056313086594652,../raw_data/wavs/voice-2253.wav,..\notebooks\finetune-wav2vec2\train_set\wavs\voice-2253.wav
..\notebooks\finetune-wav2vec2\train_set\wavs\voice-2254.wav,6.0,16000,1,2,96000,0.645050048828125,0.05822719633579254,11.07815744910956,0.6231354166666667,0.0,0.06033396181210221,../raw_data/wavs/voice-2254.wav,..\notebooks\finetune-wav2vec2\train_set\wavs\voice-2254.wav
..\notebooks\finetune-wav2vec2\train_set\wavs\voice-2255.wav,6.0,16000,1,2,96000,0.51556396484375,0.05192393437027931,9.929216094588801,0.6026145833333333,0.0,0.059927707580287294,../raw_data/wavs/voice-2255.wav,..\notebooks\finetune-wav2vec2\train_set\wavs\voice-2255.wav
..\notebooks\finetune-wav2vec2\train_set\wavs\voice-2256.wav,6.0,16000,1,2,96000,0.43206787109375,0.04260405898094177,10.141471996530388,0.6721979166666666,0.0,0.06053188054042229,../raw_data/wavs/voice-2256.wav,..\notebooks\finetune-wav2vec2\train_set\wavs\voice-2256.wav
..\notebooks\finetune-wav2vec2\train_set\wavs\voice-2257.wav,6.0,16000,1,2,96000,0.427215576171875,0.04498383775353432,9.497090455300455,0.6385104166666666,0.0,0.06267773622641902,../raw_data/wavs/voice-2257.wav,..\notebooks\finetune-wav2vec2\train_set\wavs\voice-2257.wav
..\notebooks\finetune-wav2vec2\train_set\wavs\voice-2258.wav,6.0,16000,1,2,96000,0.372650146484375,0.03986877575516701,9.346917215938827,0.6604166666666667,0.0,0.09527182574818488,../raw_data/wavs/voice-2258.wav,..\notebooks\finetune-wav2vec2\train_set\wavs\voice-2258.wav
..\notebooks\finetune-wav2vec2\train_set\wavs\voice-2259.wav,7.0,16000,1,2,112000,0.392974853515625,0.04049444943666458,9.704412801815174,0.6659107142857142,0.0,0.06341128045786124,../raw_data/wavs/voice-2259.wav,..\notebooks\finetune-wav2vec2\train_set\wavs\voice-2259.wav
..\notebooks\finetune-wav2vec2\train_set\wavs\voice-2262.wav,6.0,16000,1,2,96000,0.339599609375,0.036059774458408356,9.417685342616245,0.6520729166666667,0.0,0.09059469369472599,../raw_data/wavs/voice-2262.wav,..\notebooks\finetune-wav2vec2\train_set\wavs\voice-2262.wav
..\notebooks\finetune-wav2vec2\train_set\wavs\voice-2265.wav,5.0,16000,1,2,80000,0.30450439453125,0.0397358238697052,7.663220864118178,0.64855,0.0,0.0648633107913849,../raw_data/wavs/voice-2265.wav,..\notebooks\finetune-wav2vec2\train_set\wavs\voice-2265.wav
..\notebooks\finetune-wav2vec2\train_set\wavs\voice-2268.wav,6.0,16000,1,2,96000,0.338592529296875,0.03639127314090729,9.304223240166458,0.67328125,0.0,0.06270898655194325,../raw_data/wavs/voice-2268.wav,..\notebooks\finetune-wav2vec2\train_set\wavs\voice-2268.wav
..\notebooks\finetune-wav2vec2\train_set\wavs\voice-2269.wav,6.0,16000,1,2,96000,0.29473876953125,0.03805014118552208,7.74606244150802,0.6481979166666667,0.0,0.06276107042781695,../raw_data/wavs/voice-2269.wav,..\notebooks\finetune-wav2vec2\train_set\wavs\voice-2269.wav
..\notebooks\finetune-wav2vec2\train_set\wavs\voice-2270.wav,6.0,16000,1,2,96000,0.30322265625,0.0359346829354763,8.438161449607371,0.63734375,0.0,0.07346951530745112,../raw_data/wavs/voice-2270.wav,..\notebooks\finetune-wav2vec2\train_set\wavs\voice-2270.wav
..\notebooks\finetune-wav2vec2\train_set\wavs\voice-2271.wav,7.0,16000,1,2,112000,0.40234375,0.0344928614795208,11.664551235880523,0.7115803571428572,0.0,0.06559879998928562,../raw_data/wavs/voice-2271.wav,..\notebooks\finetune-wav2vec2\train_set\wavs\voice-2271.wav
..\notebooks\finetune-wav2vec2\train_set\wavs\voice-2272.wav,5.0,16000,1,2,80000,0.18597412109375,0.022133903577923775,8.402228754589837,0.8132125,0.0,0.07988849860623258,../raw_data/wavs/voice-2272.wav,..\notebooks\finetune-wav2vec2\train_set\wavs\voice-2272.wav
..\notebooks\finetune-wav2vec2\train_set\wavs\voice-2274.wav,7.0,16000,1,2,112000,0.453155517578125,0.04509817063808441,10.048201759994344,0.6516964285714286,0.0,0.09365262189840981,../raw_data/wavs/voice-2274.wav,..\notebooks\finetune-wav2vec2\train_set\wavs\voice-2274.wav
..\notebooks\finetune-wav2vec2\train_set\wavs\voice-2277.wav,5.0,16000,1,2,80000,0.646881103515625,0.04798135161399841,13.481927493824484,0.6358875,0.0,0.07268840860510756,../raw_data/wavs/voice-2277.wav,..\notebooks\finetune-wav2vec2\train_set\wavs\voice-2277.wav
..\notebooks\finetune-wav2vec2\train_set\wavs\voice-2279.wav,5.0,16000,1,2,80000,0.323974609375,0.04198396950960159,7.71662644478884,0.62435,0.0,0.05445068063350792,../raw_data/wavs/voice-2279.wav,..\notebooks\finetune-wav2vec2\train_set\wavs\voice-2279.wav
..\notebooks\finetune-wav2vec2\train_set\wavs\voice-2281.wav,5.0,16000,1,2,80000,0.3447265625,0.03376396745443344,10.209895000201909,0.70125,0.0,0.062338279228490355,../raw_data/wavs/voice-2281.wav,..\notebooks\finetune-wav2vec2\train_set\wavs\voice-2281.wav
..\notebooks\finetune-wav2vec2\train_set\wavs\voice-2282.wav,7.0,16000,1,2,112000,0.405364990234375,0.045917343348264694,8.82814554752969,0.6146339285714286,0.0,0.06683095384780222,../raw_data/wavs/voice-2282.wav,..\notebooks\finetune-wav2vec2\train_set\wavs\voice-2282.wav
..\notebooks\finetune-wav2vec2\train_set\wavs\voice-2283.wav,6.0,16000,1,2,96000,0.443939208984375,0.04772191494703293,9.30262772307247,0.6305833333333334,0.0,0.06220898134355566,../raw_data/wavs/voice-2283.wav,..\notebooks\finetune-wav2vec2\train_set\wavs\voice-2283.wav
..\notebooks\finetune-wav2vec2\train_set\wavs\voice-2284.wav,7.0,16000,1,2,112000,0.548797607421875,0.03993484005331993,13.742326416961609,0.6655982142857143,0.0,0.06208984008785793,../raw_data/wavs/voice-2284.wav,..\notebooks\finetune-wav2vec2\train_set\wavs\voice-2284.wav
..\notebooks\finetune-wav2vec2\train_set\wavs\voice-2285.wav,7.0,16000,1,2,112000,0.459716796875,0.042225535959005356,10.887174938911748,0.6875803571428571,0.0,0.06407200064286288,../raw_data/wavs/voice-2285.wav,..\notebooks\finetune-wav2vec2\train_set\wavs\voice-2285.wav
..\notebooks\finetune-wav2vec2\train_set\wavs\voice-2287.wav,5.0,16000,1,2,80000,0.34735107421875,0.03809693083167076,9.117560565534847,0.65745,0.0,0.05963824547806847,../raw_data/wavs/voice-2287.wav,..\notebooks\finetune-wav2vec2\train_set\wavs\voice-2287.wav
..\notebooks\finetune-wav2vec2\train_set\wavs\voice-2288.wav,5.0,16000,1,2,80000,0.362701416015625,0.03887849301099777,9.329101719889854,0.7074125,0.0,0.0585632320404005,../raw_data/wavs/voice-2288.wav,..\notebooks\finetune-wav2vec2\train_set\wavs\voice-2288.wav
..\notebooks\finetune-wav2vec2\train_set\wavs\voice-2289.wav,6.0,16000,1,2,96000,0.406219482421875,0.03878849744796753,10.472678993735046,0.6502916666666667,0.0,0.0855425577349764,../raw_data/wavs/voice-2289.wav,..\notebooks\finetune-wav2vec2\train_set\wavs\voice-2289.wav
..\notebooks\finetune-wav2vec2\train_set\wavs\voice-2290.wav,6.0,16000,1,2,96000,0.38360595703125,0.04050317034125328,9.471010634457416,0.6726041666666667,0.0,0.061625641933770146,../raw_data/wavs/voice-2290.wav,..\notebooks\finetune-wav2vec2\train_set\wavs\voice-2290.wav
..\notebooks\finetune-wav2vec2\train_set\wavs\voice-2292.wav,5.0,16000,1,2,80000,0.293060302734375,0.03445190563797951,8.506359729817316,0.6734875,0.0,0.061338266728334104,../raw_data/wavs/voice-2292.wav,..\notebooks\finetune-wav2vec2\train_set\wavs\voice-2292.wav
..\notebooks\finetune-wav2vec2\train_set\wavs\voice-2293.wav,8.0,16000,1,2,128000,0.47821044921875,0.04135188087821007,11.564418330261198,0.6708828125,0.0,0.08157876233408073,../raw_data/wavs/voice-2293.wav,..\notebooks\finetune-wav2vec2\train_set\wavs\voice-2293.wav
..\notebooks\finetune-wav2vec2\train_set\wavs\voice-2294.wav,6.0,16000,1,2,96000,0.407958984375,0.04181100055575371,9.757216496912074,0.6137604166666667,0.0,0.06646944239002489,../raw_data/wavs/voice-2294.wav,..\notebooks\finetune-wav2vec2\train_set\wavs\voice-2294.wav
..\notebooks\finetune-wav2vec2\train_set\wavs\voice-2295.wav,6.0,16000,1,2,96000,0.59661865234375,0.05151085928082466,11.582385941013532,0.6676458333333334,0.0,0.06407358409983438,../raw_data/wavs/voice-2295.wav,..\notebooks\finetune-wav2vec2\train_set\wavs\voice-2295.wav
..\notebooks\finetune-wav2vec2\train_set\wavs\voice-2297.wav,7.0,16000,1,2,112000,0.5079345703125,0.044442541897296906,11.429017077517651,0.6524107142857143,0.0,0.061696979437316404,../raw_data/wavs/voice-2297.wav,..\notebooks\finetune-wav2vec2\train_set\wavs\voice-2297.wav
..\notebooks\finetune-wav2vec2\train_set\wavs\voice-2299.wav,5.0,16000,1,2,80000,0.57830810546875,0.04879540950059891,11.851690791971977,0.6371375,0.0,0.06935086688583607,../raw_data/wavs/voice-2299.wav,..\notebooks\finetune-wav2vec2\train_set\wavs\voice-2299.wav
..\notebooks\finetune-wav2vec2\train_set\wavs\voice-2302.wav,5.0,16000,1,2,80000,0.326812744140625,0.03851817920804024,8.484636368076467,0.6817,0.0,0.06001325016562707,../raw_data/wavs/voice-2302.wav,..\notebooks\finetune-wav2vec2\train_set\wavs\voice-2302.wav
..\notebooks\finetune-wav2vec2\train_set\wavs\voice-2303.wav,7.0,16000,1,2,112000,0.32696533203125,0.038987185806035995,8.386482000981697,0.6499107142857142,0.0,0.0849204010750096,../raw_data/wavs/voice-2303.wav,..\notebooks\finetune-wav2vec2\train_set\wavs\voice-2303.wav
..\notebooks\finetune-wav2vec2\train_set\wavs\voice-2305.wav,5.0,16000,1,2,80000,0.277984619140625,0.02801429107785225,9.922957477956535,0.738625,0.0,0.055275690946136824,../raw_data/wavs/voice-2305.wav,..\notebooks\finetune-wav2vec2\train_set\wavs\voice-2305.wav
..\notebooks\finetune-wav2vec2\train_set\wavs\voice-2306.wav,5.0,16000,1,2,80000,0.287841796875,0.033323097974061966,8.637906268470307,0.71695,0.0,0.062088276103451294,../raw_data/wavs/voice-2306.wav,..\notebooks\finetune-wav2vec2\train_set\wavs\voice-2306.wav
..\notebooks\finetune-wav2vec2\train_set\wavs\voice-2311.wav,6.0,16000,1,2,96000,0.29937744140625,0.03434291109442711,8.717299491097322,0.6883854166666666,0.0,0.0626985697767685,../raw_data/wavs/voice-2311.wav,..\notebooks\finetune-wav2vec2\train_set\wavs\voice-2311.wav
..\notebooks\finetune-wav2vec2\train_set\wavs\voice-2313.wav,6.0,16000,1,2,96000,0.480438232421875,0.041150595992803574,11.675122093150101,0.6729895833333334,0.0,0.056583922749195305,../raw_data/wavs/voice-2313.wav,..\notebooks\finetune-wav2vec2\train_set\wavs\voice-2313.wav
..\notebooks\finetune-wav2vec2\train_set\wavs\voice-2315.wav,7.0,16000,1,2,112000,0.390869140625,0.03676608204841614,10.63124267933353,0.6803571428571429,0.0,0.06544701291975821,../raw_data/wavs/voice-2315.wav,..\notebooks\finetune-wav2vec2\train_set\wavs\voice-2315.wav
..\notebooks\finetune-wav2vec2\train_set\wavs\voice-2316.wav,6.0,16000,1,2,96000,0.4344482421875,0.038713060319423676,11.222265524937649,0.6522083333333333,0.0,0.067552787008198,../raw_data/wavs/voice-2316.wav,..\notebooks\finetune-wav2vec2\train_set\wavs\voice-2316.wav
..\notebooks\finetune-wav2vec2\train_set\wavs\voice-2317.wav,6.0,16000,1,2,96000,0.34442138671875,0.03980540111660957,8.652629468794212,0.6362291666666666,0.0,0.05879227908624048,../raw_data/wavs/voice-2317.wav,..\notebooks\finetune-wav2vec2\train_set\wavs\voice-2317.wav
..\notebooks\finetune-wav2vec2\train_set\wavs\voice-2322.wav,7.0,16000,1,2,112000,0.57391357421875,0.04393432289361954,13.062988943937905,0.6214732142857143,0.0,0.06267020241252154,../raw_data/wavs/voice-2322.wav,..\notebooks\finetune-wav2vec2\train_set\wavs\voice-2322.wav
..\notebooks\finetune-wav2vec2\train_set\wavs\voice-2323.wav,6.0,16000,1,2,96000,0.52520751953125,0.04617580771446228,11.374084082707984,0.6186770833333334,0.0,0.06743820248127584,../raw_data/wavs/voice-2323.wav,..\notebooks\finetune-wav2vec2\train_set\wavs\voice-2323.wav
..\notebooks\finetune-wav2vec2\train_set\wavs\voice-2324.wav,5.0,16000,1,2,80000,0.36053466796875,0.04152221977710724,8.68293337649367,0.613275,0.0,0.057975724696558706,../raw_data/wavs/voice-2324.wav,..\notebooks\finetune-wav2vec2\train_set\wavs\voice-2324.wav
..\notebooks\finetune-wav2vec2\train_set\wavs\voice-2325.wav,5.0,16000,1,2,80000,0.545013427734375,0.05715327337384224,9.535996725321692,0.64075,0.0,0.06795084938561732,../raw_data/wavs/voice-2325.wav,..\notebooks\finetune-wav2vec2\train_set\wavs\voice-2325.wav
..\notebooks\finetune-wav2vec2\train_set\wavs\voice-2326.wav,8.0,16000,1,2,128000,0.3642578125,0.04437040165066719,8.209477465807947,0.62515625,0.0,0.11402432831506497,../raw_data/wavs/voice-2326.wav,..\notebooks\finetune-wav2vec2\train_set\wavs\voice-2326.wav
..\notebooks\finetune-wav2vec2\train_set\wavs\voice-2327.wav,7.0,16000,1,2,112000,1.0,0.12174665182828903,8.21377824344932,0.2570625,4.464285714285714e-05,0.06462557701408048,../raw_data/wavs/voice-2327.wav,..\notebooks\finetune-wav2vec2\train_set\wavs\voice-2327.wav
..\notebooks\finetune-wav2vec2\train_set\wavs\voice-2331.wav,6.0,16000,1,2,96000,0.429534912109375,0.042622148990631104,10.077739444902045,0.6195104166666666,0.0,0.07945916103292743,../raw_data/wavs/voice-2331.wav,..\notebooks\finetune-wav2vec2\train_set\wavs\voice-2331.wav
..\notebooks\finetune-wav2vec2\train_set\wavs\voice-2334.wav,6.0,16000,1,2,96000,0.450592041015625,0.051826294511556625,8.694274697087375,0.6270833333333333,0.0,0.060396462463150655,../raw_data/wavs/voice-2334.wav,..\notebooks\finetune-wav2vec2\train_set\wavs\voice-2334.wav
..\notebooks\finetune-wav2vec2\train_set\wavs\voice-2335.wav,5.0,16000,1,2,80000,0.377410888671875,0.034553758800029755,10.922426438641171,0.6783375,0.0,0.05708821360267003,../raw_data/wavs/voice-2335.wav,..\notebooks\finetune-wav2vec2\train_set\wavs\voice-2335.wav
..\notebooks\finetune-wav2vec2\train_set\wavs\voice-2336.wav,5.0,16000,1,2,80000,0.277984619140625,0.035052590072155,7.930501528372074,0.7165,0.0,0.06537581719771497,../raw_data/wavs/voice-2336.wav,..\notebooks\finetune-wav2vec2\train_set\wavs\voice-2336.wav
..\notebooks\finetune-wav2vec2\train_set\wavs\voice-2338.wav,5.0,16000,1,2,80000,0.290191650390625,0.03243222087621689,8.947634252313186,0.7494125,0.0,0.0629382867285841,../raw_data/wavs/voice-2338.wav,..\notebooks\finetune-wav2vec2\train_set\wavs\voice-2338.wav
..\notebooks\finetune-wav2vec2\train_set\wavs\voice-2339.wav,6.0,16000,1,2,96000,0.298065185546875,0.03877146542072296,7.687746189432452,0.6486458333333334,0.0,0.06392774924738799,../raw_data/wavs/voice-2339.wav,..\notebooks\finetune-wav2vec2\train_set\wavs\voice-2339.wav
..\notebooks\finetune-wav2vec2\train_set\wavs\voice-2340.wav,5.0,16000,1,2,80000,0.22314453125,0.02496032789349556,8.93996794441749,0.744425,0.0,0.08808860110751385,../raw_data/wavs/voice-2340.wav,..\notebooks\finetune-wav2vec2\train_set\wavs\voice-2340.wav
..\notebooks\finetune-wav2vec2\train_set\wavs\voice-2341.wav,6.0,16000,1,2,96000,0.376800537109375,0.040880341082811356,9.217157370240374,0.6758229166666667,0.0,0.061344389004052126,../raw_data/wavs/voice-2341.wav,..\notebooks\finetune-wav2vec2\train_set\wavs\voice-2341.wav
..\notebooks\finetune-wav2vec2\train_set\wavs\voice-2342.wav,5.0,16000,1,2,80000,0.42901611328125,0.04542630538344383,9.444222013212858,0.66985,0.0,0.06315078938486732,../raw_data/wavs/voice-2342.wav,..\notebooks\finetune-wav2vec2\train_set\wavs\voice-2342.wav
..\notebooks\finetune-wav2vec2\train_set\wavs\voice-2344.wav,7.0,16000,1,2,112000,0.418060302734375,0.0383942574262619,10.888615401333931,0.67325,0.0,0.06403628603826819,../raw_data/wavs/voice-2344.wav,..\notebooks\finetune-wav2vec2\train_set\wavs\voice-2344.wav
..\notebooks\finetune-wav2vec2\train_set\wavs\voice-2350.wav,6.0,16000,1,2,96000,0.40704345703125,0.04298979043960571,9.46837499948007,0.6660833333333334,0.0,0.07661538141022302,../raw_data/wavs/voice-2350.wav,..\notebooks\finetune-wav2vec2\train_set\wavs\voice-2350.wav
..\notebooks\finetune-wav2vec2\train_set\wavs\voice-2353.wav,6.0,16000,1,2,96000,0.289642333984375,0.03127953037619591,9.259804431232645,0.6828020833333334,0.0,0.08879259158949572,../raw_data/wavs/voice-2353.wav,..\notebooks\finetune-wav2vec2\train_set\wavs\voice-2353.wav
..\notebooks\finetune-wav2vec2\train_set\wavs\voice-2358.wav,5.0,16000,1,2,80000,0.2557373046875,0.030776524916291237,8.309492555870987,0.693975,0.0,0.06807585094813685,../raw_data/wavs/voice-2358.wav,..\notebooks\finetune-wav2vec2\train_set\wavs\voice-2358.wav
..\notebooks\finetune-wav2vec2\train_set\wavs\voice-2359.wav,7.0,16000,1,2,112000,0.461761474609375,0.04134191572666168,11.169329395918194,0.6416160714285715,0.0,0.05914338520879651,../raw_data/wavs/voice-2359.wav,..\notebooks\finetune-wav2vec2\train_set\wavs\voice-2359.wav
..\notebooks\finetune-wav2vec2\train_set\wavs\voice-2361.wav,6.0,16000,1,2,96000,0.44525146484375,0.039174020290374756,11.365988518496541,0.6316145833333333,0.0,0.08228210710528235,../raw_data/wavs/voice-2361.wav,..\notebooks\finetune-wav2vec2\train_set\wavs\voice-2361.wav
..\notebooks\finetune-wav2vec2\train_set\wavs\voice-2363.wav,5.0,16000,1,2,80000,0.559417724609375,0.043063681572675705,12.990476061952181,0.62725,0.0,0.05436317953974425,../raw_data/wavs/voice-2363.wav,..\notebooks\finetune-wav2vec2\train_set\wavs\voice-2363.wav
..\notebooks\finetune-wav2vec2\train_set\wavs\voice-2366.wav,6.0,16000,1,2,96000,0.349822998046875,0.03604527562856674,9.705099820893919,0.6860416666666667,0.0,0.06019854373483057,../raw_data/wavs/voice-2366.wav,..\notebooks\finetune-wav2vec2\train_set\wavs\voice-2366.wav
..\notebooks\finetune-wav2vec2\train_set\wavs\voice-2367.wav,5.0,16000,1,2,80000,0.351318359375,0.035254038870334625,9.965336472997011,0.6921625,0.0,0.09770122126526581,../raw_data/wavs/voice-2367.wav,..\notebooks\finetune-wav2vec2\train_set\wavs\voice-2367.wav
..\notebooks\finetune-wav2vec2\train_set\wavs\voice-2368.wav,5.0,16000,1,2,80000,0.625244140625,0.0568079873919487,11.00627164118852,0.600475,0.0,0.07050088126101577,../raw_data/wavs/voice-2368.wav,..\notebooks\finetune-wav2vec2\train_set\wavs\voice-2368.wav
..\notebooks\finetune-wav2vec2\train_set\wavs\voice-2369.wav,7.0,16000,1,2,112000,0.397247314453125,0.042339958250522614,9.382326550787793,0.6225625,0.0,0.06412557254975491,../raw_data/wavs/voice-2369.wav,..\notebooks\finetune-wav2vec2\train_set\wavs\voice-2369.wav
..\notebooks\finetune-wav2vec2\train_set\wavs\voice-2370.wav,6.0,16000,1,2,96000,0.353607177734375,0.027955949306488037,12.64872724791748,0.7565,0.0,0.05966728820091876,../raw_data/wavs/voice-2370.wav,..\notebooks\finetune-wav2vec2\train_set\wavs\voice-2370.wav
..\notebooks\finetune-wav2vec2\train_set\wavs\voice-2371.wav,6.0,16000,1,2,96000,0.3748779296875,0.046976786106824875,7.980067619675605,0.6695833333333333,0.0,0.058136022250231775,../raw_data/wavs/voice-2371.wav,..\notebooks\finetune-wav2vec2\train_set\wavs\voice-2371.wav
..\notebooks\finetune-wav2vec2\train_set\wavs\voice-2373.wav,6.0,16000,1,2,96000,0.985321044921875,0.05170536786317825,19.05645556045965,0.6665625,1.0416666666666666e-05,0.05903186491525953,../raw_data/wavs/voice-2373.wav,..\notebooks\finetune-wav2vec2\train_set\wavs\voice-2373.wav
..\notebooks\finetune-wav2vec2\train_set\wavs\voice-2374.wav,6.0,16000,1,2,96000,0.406768798828125,0.0445999801158905,9.120380721497174,0.6293958333333334,0.0,0.06327149241137929,../raw_data/wavs/voice-2374.wav,..\notebooks\finetune-wav2vec2\train_set\wavs\voice-2374.wav
..\notebooks\finetune-wav2vec2\train_set\wavs\voice-2375.wav,7.0,16000,1,2,112000,0.33172607421875,0.039225753396749496,8.456843922499115,0.6308035714285715,0.0,0.08900972330110091,../raw_data/wavs/voice-2375.wav,..\notebooks\finetune-wav2vec2\train_set\wavs\voice-2375.wav
..\notebooks\finetune-wav2vec2\train_set\wavs\voice-2377.wav,7.0,16000,1,2,112000,0.548492431640625,0.056581899523735046,9.693779039894952,0.6020178571428572,0.0,0.09097402655380851,../raw_data/wavs/voice-2377.wav,..\notebooks\finetune-wav2vec2\train_set\wavs\voice-2377.wav
..\notebooks\finetune-wav2vec2\train_set\wavs\voice-2379.wav,6.0,16000,1,2,96000,0.453033447265625,0.03404771164059639,13.305841286715312,0.7726979166666667,0.0,0.061761060011041785,../raw_data/wavs/voice-2379.wav,..\notebooks\finetune-wav2vec2\train_set\wavs\voice-2379.wav
..\notebooks\finetune-wav2vec2\train_set\wavs\voice-2380.wav,6.0,16000,1,2,96000,0.30755615234375,0.03930684179067612,7.824494116866562,0.6314583333333333,0.0,0.07654246398399983,../raw_data/wavs/voice-2380.wav,..\notebooks\finetune-wav2vec2\train_set\wavs\voice-2380.wav
..\notebooks\finetune-wav2vec2\train_set\wavs\voice-2382.wav,6.0,16000,1,2,96000,0.42572021484375,0.03773190453648567,11.282765078346118,0.6404895833333333,0.0,0.07714663694413483,../raw_data/wavs/voice-2382.wav,..\notebooks\finetune-wav2vec2\train_set\wavs\voice-2382.wav
..\notebooks\finetune-wav2vec2\train_set\wavs\voice-2389.wav,7.0,16000,1,2,112000,0.5755615234375,0.05338762328028679,10.780804390107104,0.6180089285714285,0.0,0.07432209216153715,../raw_data/wavs/voice-2389.wav,..\notebooks\finetune-wav2vec2\train_set\wavs\voice-2389.wav
..\notebooks\finetune-wav2vec2\train_set\wavs\voice-2391.wav,7.0,16000,1,2,112000,0.448760986328125,0.04343641549348831,10.331446120258246,0.6711160714285714,0.0,0.05725051116527826,../raw_data/wavs/voice-2391.wav,..\notebooks\finetune-wav2vec2\train_set\wavs\voice-2391.wav
..\notebooks\finetune-wav2vec2\train_set\wavs\voice-2392.wav,6.0,16000,1,2,96000,0.5919189453125,0.04990501329302788,11.860911484722433,0.6044791666666667,0.0,0.057573516390795734,../raw_data/wavs/voice-2392.wav,..\notebooks\finetune-wav2vec2\train_set\wavs\voice-2392.wav
..\notebooks\finetune-wav2vec2\train_set\wavs\voice-2394.wav,6.0,16000,1,2,96000,0.41943359375,0.04216579347848892,9.947247736817191,0.6637291666666667,0.0,0.06558401650017187,../raw_data/wavs/voice-2394.wav,..\notebooks\finetune-wav2vec2\train_set\wavs\voice-2394.wav
..\notebooks\finetune-wav2vec2\train_set\wavs\voice-2400.wav,5.0,16000,1,2,80000,0.3360595703125,0.039393432438373566,8.530852721154117,0.6656,0.0,0.06658833235415443,../raw_data/wavs/voice-2400.wav,..\notebooks\finetune-wav2vec2\train_set\wavs\voice-2400.wav
..\notebooks\finetune-wav2vec2\train_set\wavs\voice-2402.wav,5.0,16000,1,2,80000,0.47882080078125,0.04567442461848259,10.483346090965108,0.6082,0.0,0.06170077125964075,../raw_data/wavs/voice-2402.wav,..\notebooks\finetune-wav2vec2\train_set\wavs\voice-2402.wav
..\notebooks\finetune-wav2vec2\train_set\wavs\voice-2405.wav,7.0,16000,1,2,112000,0.404144287109375,0.03459703549742699,11.681471585605408,0.6800178571428571,0.0,0.06258091590103483,../raw_data/wavs/voice-2405.wav,..\notebooks\finetune-wav2vec2\train_set\wavs\voice-2405.wav
..\notebooks\finetune-wav2vec2\train_set\wavs\voice-2408.wav,8.0,16000,1,2,128000,0.474456787109375,0.05124061927199364,9.259388232427098,0.6234375,0.0,0.07070367737247947,../raw_data/wavs/voice-2408.wav,..\notebooks\finetune-wav2vec2\train_set\wavs\voice-2408.wav
..\notebooks\finetune-wav2vec2\train_set\wavs\voice-2411.wav,6.0,16000,1,2,96000,0.660980224609375,0.0508623905479908,12.995461233496535,0.63284375,0.0,0.09936561839185824,../raw_data/wavs/voice-2411.wav,..\notebooks\finetune-wav2vec2\train_set\wavs\voice-2411.wav
..\notebooks\finetune-wav2vec2\train_set\wavs\voice-2412.wav,6.0,16000,1,2,96000,0.613372802734375,0.05585478991270065,10.98156136104098,0.6006145833333333,0.0,0.060656881842519196,../raw_data/wavs/voice-2412.wav,..\notebooks\finetune-wav2vec2\train_set\wavs\voice-2412.wav
..\notebooks\finetune-wav2vec2\train_set\wavs\voice-2413.wav,7.0,16000,1,2,112000,0.6199951171875,0.03581705689430237,17.310051996095925,0.7325089285714286,0.0,0.0641880731077956,../raw_data/wavs/voice-2413.wav,..\notebooks\finetune-wav2vec2\train_set\wavs\voice-2413.wav
..\notebooks\finetune-wav2vec2\train_set\wavs\voice-2414.wav,6.0,16000,1,2,96000,0.302490234375,0.03753415122628212,8.059066862905125,0.65053125,0.0,0.09350097396847884,../raw_data/wavs/voice-2414.wav,..\notebooks\finetune-wav2vec2\train_set\wavs\voice-2414.wav
..\notebooks\finetune-wav2vec2\train_set\wavs\voice-2417.wav,6.0,16000,1,2,96000,0.3402099609375,0.03872046247124672,8.786309336830241,0.6713333333333333,0.0,0.05872977843519203,../raw_data/wavs/voice-2417.wav,..\notebooks\finetune-wav2vec2\train_set\wavs\voice-2417.wav
..\notebooks\finetune-wav2vec2\train_set\wavs\voice-2419.wav,5.0,16000,1,2,80000,0.538543701171875,0.049320824444293976,10.91919503049143,0.6233,0.0,0.05957574469680871,../raw_data/wavs/voice-2419.wav,..\notebooks\finetune-wav2vec2\train_set\wavs\voice-2419.wav
..\notebooks\finetune-wav2vec2\train_set\wavs\voice-2420.wav,6.0,16000,1,2,96000,0.441925048828125,0.04622340947389603,9.560632888357045,0.6144791666666667,0.0,0.06256315169949687,../raw_data/wavs/voice-2420.wav,..\notebooks\finetune-wav2vec2\train_set\wavs\voice-2420.wav
..\notebooks\finetune-wav2vec2\train_set\wavs\voice-2422.wav,6.0,16000,1,2,96000,0.375396728515625,0.03689923882484436,10.17356293709965,0.6872395833333333,0.0,0.05581308138626444,../raw_data/wavs/voice-2422.wav,..\notebooks\finetune-wav2vec2\train_set\wavs\voice-2422.wav
..\notebooks\finetune-wav2vec2\train_set\wavs\voice-2423.wav,5.0,16000,1,2,80000,0.3739013671875,0.039912451058626175,9.368038225422131,0.6862875,0.0,0.06090076125951575,../raw_data/wavs/voice-2423.wav,..\notebooks\finetune-wav2vec2\train_set\wavs\voice-2423.wav
..\notebooks\finetune-wav2vec2\train_set\wavs\voice-2424.wav,6.0,16000,1,2,96000,0.425811767578125,0.0468931645154953,9.080465606824646,0.6143125,0.0,0.061281888353003675,../raw_data/wavs/voice-2424.wav,..\notebooks\finetune-wav2vec2\train_set\wavs\voice-2424.wav
..\notebooks\finetune-wav2vec2\train_set\wavs\voice-2428.wav,6.0,16000,1,2,96000,0.337127685546875,0.04171178489923477,8.082312621272168,0.6505729166666666,0.0,0.05781310221981479,../raw_data/wavs/voice-2428.wav,..\notebooks\finetune-wav2vec2\train_set\wavs\voice-2428.wav
..\notebooks\finetune-wav2vec2\train_set\wavs\voice-2430.wav,7.0,16000,1,2,112000,0.399017333984375,0.04348807781934738,9.17532698598273,0.7012589285714286,0.0,0.0889472227430602,../raw_data/wavs/voice-2430.wav,..\notebooks\finetune-wav2vec2\train_set\wavs\voice-2430.wav
..\notebooks\finetune-wav2vec2\train_set\wavs\voice-2431.wav,6.0,16000,1,2,96000,0.383514404296875,0.03958205133676529,9.689098754228851,0.7015104166666667,0.0,0.06595902040646257,../raw_data/wavs/voice-2431.wav,..\notebooks\finetune-wav2vec2\train_set\wavs\voice-2431.wav
..\notebooks\finetune-wav2vec2\train_set\wavs\voice-2432.wav,9.0,16000,1,2,144000,0.49591064453125,0.04480317607522011,11.068649322955698,0.6366458333333334,0.0,0.061896263168494225,../raw_data/wavs/voice-2432.wav,..\notebooks\finetune-wav2vec2\train_set\wavs\voice-2432.wav
..\notebooks\finetune-wav2vec2\train_set\wavs\voice-2434.wav,6.0,16000,1,2,96000,0.31268310546875,0.031216125935316086,10.016717196639663,0.7256458333333333,0.0,0.058167272575756,../raw_data/wavs/voice-2434.wav,..\notebooks\finetune-wav2vec2\train_set\wavs\voice-2434.wav
..\notebooks\finetune-wav2vec2\train_set\wavs\voice-2435.wav,6.0,16000,1,2,96000,0.350067138671875,0.03786582872271538,9.244935354125046,0.6785729166666666,0.0,0.06609443848373421,../raw_data/wavs/voice-2435.wav,..\notebooks\finetune-wav2vec2\train_set\wavs\voice-2435.wav
..\notebooks\finetune-wav2vec2\train_set\wavs\voice-2437.wav,6.0,16000,1,2,96000,0.999969482421875,0.1010962501168251,9.891261854582414,0.25507291666666665,2.0833333333333333e-05,0.06120897092678049,../raw_data/wavs/voice-2437.wav,..\notebooks\finetune-wav2vec2\train_set\wavs\voice-2437.wav
..\notebooks\finetune-wav2vec2\train_set\wavs\voice-2439.wav,6.0,16000,1,2,96000,0.259033203125,0.03862106055021286,6.707045312446044,0.6548541666666666,0.0,0.06482359191241575,../raw_data/wavs/voice-2439.wav,..\notebooks\finetune-wav2vec2\train_set\wavs\voice-2439.wav
..\notebooks\finetune-wav2vec2\train_set\wavs\voice-2441.wav,8.0,16000,1,2,128000,0.541656494140625,0.05177900195121765,10.46092959943364,0.606234375,0.0,0.06110985242072204,../raw_data/wavs/voice-2441.wav,..\notebooks\finetune-wav2vec2\train_set\wavs\voice-2441.wav
..\notebooks\finetune-wav2vec2\train_set\wavs\voice-2443.wav,6.0,16000,1,2,96000,0.535675048828125,0.05702381953597069,9.393882296681664,0.6118541666666667,0.0,0.0608860508963635,../raw_data/wavs/voice-2443.wav,..\notebooks\finetune-wav2vec2\train_set\wavs\voice-2443.wav
..\notebooks\finetune-wav2vec2\train_set\wavs\voice-2444.wav,7.0,16000,1,2,112000,0.455047607421875,0.05232653394341469,8.696307076519883,0.6163928571428572,0.0,0.06255412994758881,../raw_data/wavs/voice-2444.wav,..\notebooks\finetune-wav2vec2\train_set\wavs\voice-2444.wav
..\notebooks\finetune-wav2vec2\train_set\wavs\voice-2445.wav,5.0,16000,1,2,80000,0.508758544921875,0.03142276778817177,16.190761690743965,0.7334375,0.0,0.06026325329066613,../raw_data/wavs/voice-2445.wav,..\notebooks\finetune-wav2vec2\train_set\wavs\voice-2445.wav
..\notebooks\finetune-wav2vec2\train_set\wavs\voice-2449.wav,5.0,16000,1,2,80000,0.4547119140625,0.03747351095080376,12.134222348673392,0.6828875,0.0,0.058163227040338,../raw_data/wavs/voice-2449.wav,..\notebooks\finetune-wav2vec2\train_set\wavs\voice-2449.wav
..\notebooks\finetune-wav2vec2\train_set\wavs\voice-2450.wav,6.0,16000,1,2,96000,0.338226318359375,0.035342391580343246,9.56998955745513,0.71053125,0.0,0.05982353982853988,../raw_data/wavs/voice-2450.wav,..\notebooks\finetune-wav2vec2\train_set\wavs\voice-2450.wav
..\notebooks\finetune-wav2vec2\train_set\wavs\voice-2453.wav,6.0,16000,1,2,96000,0.3978271484375,0.0470309741795063,8.458832830446722,0.64028125,0.0,0.058458942280648754,../raw_data/wavs/voice-2453.wav,..\notebooks\finetune-wav2vec2\train_set\wavs\voice-2453.wav
..\notebooks\finetune-wav2vec2\train_set\wavs\voice-2455.wav,7.0,16000,1,2,112000,0.475433349609375,0.04401840269565582,10.800786046157361,0.6156517857142857,0.0,0.09406333985124868,../raw_data/wavs/voice-2455.wav,..\notebooks\finetune-wav2vec2\train_set\wavs\voice-2455.wav
..\notebooks\finetune-wav2vec2\train_set\wavs\voice-2456.wav,6.0,16000,1,2,96000,0.3876953125,0.052730873227119446,7.352340076564645,0.6056354166666666,0.0,0.062031896165585056,../raw_data/wavs/voice-2456.wav,..\notebooks\finetune-wav2vec2\train_set\wavs\voice-2456.wav
..\notebooks\finetune-wav2vec2\train_set\wavs\voice-2457.wav,5.0,16000,1,2,80000,0.35870361328125,0.03817848116159439,9.395439587106665,0.6383625,0.0,0.0845510568882111,../raw_data/wavs/voice-2457.wav,..\notebooks\finetune-wav2vec2\train_set\wavs\voice-2457.wav
..\notebooks\finetune-wav2vec2\train_set\wavs\voice-2458.wav,6.0,16000,1,2,96000,0.319122314453125,0.03333714231848717,9.572575579645745,0.6815208333333334,0.0,0.05886519651246367,../raw_data/wavs/voice-2458.wav,..\notebooks\finetune-wav2vec2\train_set\wavs\voice-2458.wav
..\notebooks\finetune-wav2vec2\train_set\wavs\voice-2463.wav,6.0,16000,1,2,96000,0.563018798828125,0.0605575367808342,9.297253963049473,0.6805833333333333,0.0,0.0692611381368556,../raw_data/wavs/voice-2463.wav,..\notebooks\finetune-wav2vec2\train_set\wavs\voice-2463.wav
..\notebooks\finetune-wav2vec2\train_set\wavs\voice-2464.wav,6.0,16000,1,2,96000,0.3629150390625,0.02543816529214382,14.266557155149103,0.783875,0.0,0.06699028114876196,../raw_data/wavs/voice-2464.wav,..\notebooks\finetune-wav2vec2\train_set\wavs\voice-2464.wav
..\notebooks\finetune-wav2vec2\train_set\wavs\voice-2468.wav,6.0,16000,1,2,96000,0.377105712890625,0.04896043241024017,7.7022545416031205,0.6354895833333334,0.0,0.06650069271554912,../raw_data/wavs/voice-2468.wav,..\notebooks\finetune-wav2vec2\train_set\wavs\voice-2468.wav
..\notebooks\finetune-wav2vec2\train_set\wavs\voice-2469.wav,6.0,16000,1,2,96000,0.528350830078125,0.0480155274271965,11.003749378349253,0.6812604166666667,0.0,0.06205272971593454,../raw_data/wavs/voice-2469.wav,..\notebooks\finetune-wav2vec2\train_set\wavs\voice-2469.wav
..\notebooks\finetune-wav2vec2\train_set\wavs\voice-2471.wav,7.0,16000,1,2,112000,0.345733642578125,0.04852812737226486,7.124396948721354,0.6150446428571429,0.0,0.062188055250493306,../raw_data/wavs/voice-2471.wav,..\notebooks\finetune-wav2vec2\train_set\wavs\voice-2471.wav
..\notebooks\finetune-wav2vec2\train_set\wavs\voice-2472.wav,6.0,16000,1,2,96000,0.338165283203125,0.039903558790683746,8.474564511325646,0.6079791666666666,0.0,0.05516724132543047,../raw_data/wavs/voice-2472.wav,..\notebooks\finetune-wav2vec2\train_set\wavs\voice-2472.wav
..\notebooks\finetune-wav2vec2\train_set\wavs\voice-2473.wav,6.0,16000,1,2,96000,0.390472412109375,0.03445769101381302,11.331937823484653,0.7045416666666666,0.0,0.05826102355232867,../raw_data/wavs/voice-2473.wav,..\notebooks\finetune-wav2vec2\train_set\wavs\voice-2473.wav
..\notebooks\finetune-wav2vec2\train_set\wavs\voice-2474.wav,5.0,16000,1,2,80000,0.3272705078125,0.038806866854429245,8.433314367793306,0.65295,0.0,0.07078838485481069,../raw_data/wavs/voice-2474.wav,..\notebooks\finetune-wav2vec2\train_set\wavs\voice-2474.wav
..\notebooks\finetune-wav2vec2\train_set\wavs\voice-2476.wav,7.0,16000,1,2,112000,0.4139404296875,0.04265870153903961,9.703540303698123,0.6603392857142857,0.0,0.06102733060116608,../raw_data/wavs/voice-2476.wav,..\notebooks\finetune-wav2vec2\train_set\wavs\voice-2476.wav
..\notebooks\finetune-wav2vec2\train_set\wavs\voice-2477.wav,6.0,16000,1,2,96000,0.4638671875,0.03805243596434593,12.190210054742108,0.6744166666666667,0.0,0.060875634121188765,../raw_data/wavs/voice-2477.wav,..\notebooks\finetune-wav2vec2\train_set\wavs\voice-2477.wav
..\notebooks\finetune-wav2vec2\train_set\wavs\voice-2478.wav,7.0,16000,1,2,112000,0.999969482421875,0.12093774974346161,8.268464433504457,0.2477767857142857,4.464285714285714e-05,0.056607648282573954,../raw_data/wavs/voice-2478.wav,..\notebooks\finetune-wav2vec2\train_set\wavs\voice-2478.wav
..\notebooks\finetune-wav2vec2\train_set\wavs\voice-2479.wav,6.0,16000,1,2,96000,0.30889892578125,0.03554317727684975,8.69080789753831,0.6709479166666666,0.0,0.059688121751268246,../raw_data/wavs/voice-2479.wav,..\notebooks\finetune-wav2vec2\train_set\wavs\voice-2479.wav
..\notebooks\finetune-wav2vec2\train_set\wavs\voice-2481.wav,6.0,16000,1,2,96000,0.55181884765625,0.04194176197052002,13.156787453138278,0.6985,0.0,0.059156866217356434,../raw_data/wavs/voice-2481.wav,..\notebooks\finetune-wav2vec2\train_set\wavs\voice-2481.wav
..\notebooks\finetune-wav2vec2\train_set\wavs\voice-2484.wav,7.0,16000,1,2,112000,0.364532470703125,0.03870565816760063,9.418066710677056,0.6613125,0.0,0.06263448780792685,../raw_data/wavs/voice-2484.wav,..\notebooks\finetune-wav2vec2\train_set\wavs\voice-2484.wav
..\notebooks\finetune-wav2vec2\train_set\wavs\voice-2486.wav,5.0,16000,1,2,80000,0.4237060546875,0.04139910638332367,10.234666680104397,0.6154875,0.0,0.08321354016925211,../raw_data/wavs/voice-2486.wav,..\notebooks\finetune-wav2vec2\train_set\wavs\voice-2486.wav
..\notebooks\finetune-wav2vec2\train_set\wavs\voice-2488.wav,6.0,16000,1,2,96000,0.33587646484375,0.04327739030122757,7.761014758651536,0.6257708333333334,0.0,0.06521942936905593,../raw_data/wavs/voice-2488.wav,..\notebooks\finetune-wav2vec2\train_set\wavs\voice-2488.wav
..\notebooks\finetune-wav2vec2\train_set\wavs\voice-2489.wav,6.0,16000,1,2,96000,0.400146484375,0.043177202343940735,9.26754080052513,0.6209270833333334,0.0,0.06301107303201076,../raw_data/wavs/voice-2489.wav,..\notebooks\finetune-wav2vec2\train_set\wavs\voice-2489.wav
..\notebooks\finetune-wav2vec2\train_set\wavs\voice-2490.wav,6.0,16000,1,2,96000,0.303985595703125,0.03597951680421829,8.448851532866758,0.6866979166666667,0.0,0.060896467671538244,../raw_data/wavs/voice-2490.wav,..\notebooks\finetune-wav2vec2\train_set\wavs\voice-2490.wav
..\notebooks\finetune-wav2vec2\train_set\wavs\voice-2492.wav,6.0,16000,1,2,96000,0.379302978515625,0.04219795763492584,8.988657266239079,0.6223333333333333,0.0,0.06041729601350014,../raw_data/wavs/voice-2492.wav,..\notebooks\finetune-wav2vec2\train_set\wavs\voice-2492.wav
..\notebooks\finetune-wav2vec2\train_set\wavs\voice-2493.wav,6.0,16000,1,2,96000,0.565643310546875,0.0439501591026783,12.87010837037914,0.6243125,0.0,0.06078188314461609,../raw_data/wavs/voice-2493.wav,..\notebooks\finetune-wav2vec2\train_set\wavs\voice-2493.wav
..\notebooks\finetune-wav2vec2\train_set\wavs\voice-2494.wav,7.0,16000,1,2,112000,0.371246337890625,0.03015894815325737,12.309658016058092,0.7240267857142857,0.0,0.05769694372271181,../raw_data/wavs/voice-2494.wav,..\notebooks\finetune-wav2vec2\train_set\wavs\voice-2494.wav
..\notebooks\finetune-wav2vec2\train_set\wavs\voice-2495.wav,6.0,16000,1,2,96000,0.394012451171875,0.04380841180682182,8.993990763904378,0.6489895833333333,0.0,0.05836519130407609,../raw_data/wavs/voice-2495.wav,..\notebooks\finetune-wav2vec2\train_set\wavs\voice-2495.wav
..\notebooks\finetune-wav2vec2\train_set\wavs\voice-2496.wav,5.0,16000,1,2,80000,0.36248779296875,0.045435309410095215,7.9781077244784715,0.61945,0.0,0.05848823110288879,../raw_data/wavs/voice-2496.wav,..\notebooks\finetune-wav2vec2\train_set\wavs\voice-2496.wav
..\notebooks\finetune-wav2vec2\train_set\wavs\voice-2497.wav,6.0,16000,1,2,96000,0.434326171875,0.04306618124246597,10.085086704802306,0.6276666666666667,0.0,0.059792289503015655,../raw_data/wavs/voice-2497.wav,..\notebooks\finetune-wav2vec2\train_set\wavs\voice-2497.wav
..\notebooks\finetune-wav2vec2\train_set\wavs\voice-2500.wav,7.0,16000,1,2,112000,0.395721435546875,0.04290872439742088,9.222400365056311,0.6648035714285714,0.0,0.060518397485691836,../raw_data/wavs/voice-2500.wav,..\notebooks\finetune-wav2vec2\train_set\wavs\voice-2500.wav
..\notebooks\finetune-wav2vec2\train_set\wavs\voice-2502.wav,5.0,16000,1,2,80000,0.485198974609375,0.04715612530708313,10.289203607160982,0.635325,0.0,0.08052600657508219,../raw_data/wavs/voice-2502.wav,..\notebooks\finetune-wav2vec2\train_set\wavs\voice-2502.wav
..\notebooks\finetune-wav2vec2\train_set\wavs\voice-2504.wav,5.0,16000,1,2,80000,0.321380615234375,0.03781707212328911,8.49829447892285,0.6718875,0.0,0.06541331766647084,../raw_data/wavs/voice-2504.wav,..\notebooks\finetune-wav2vec2\train_set\wavs\voice-2504.wav
..\notebooks\finetune-wav2vec2\train_set\wavs\voice-2507.wav,6.0,16000,1,2,96000,0.383026123046875,0.03268781676888466,11.717702829620464,0.72753125,0.0,0.062281898769778854,../raw_data/wavs/voice-2507.wav,..\notebooks\finetune-wav2vec2\train_set\wavs\voice-2507.wav
..\notebooks\finetune-wav2vec2\train_set\wavs\voice-2509.wav,6.0,16000,1,2,96000,0.354217529296875,0.04195154458284378,8.443491957665211,0.6347604166666667,0.0,0.061865227762789195,../raw_data/wavs/voice-2509.wav,..\notebooks\finetune-wav2vec2\train_set\wavs\voice-2509.wav
..\notebooks\finetune-wav2vec2\train_set\wavs\voice-2510.wav,6.0,16000,1,2,96000,0.559295654296875,0.04263283684849739,13.118893689491545,0.6635729166666666,0.0,0.06354232856592257,../raw_data/wavs/voice-2510.wav,..\notebooks\finetune-wav2vec2\train_set\wavs\voice-2510.wav
..\notebooks\finetune-wav2vec2\train_set\wavs\voice-2511.wav,6.0,16000,1,2,96000,0.329559326171875,0.03388611972332001,9.725496128288668,0.6670520833333333,0.0,0.05831310742820238,../raw_data/wavs/voice-2511.wav,..\notebooks\finetune-wav2vec2\train_set\wavs\voice-2511.wav
..\notebooks\finetune-wav2vec2\train_set\wavs\voice-2512.wav,6.0,16000,1,2,96000,0.333465576171875,0.03439873084425926,9.694124404811477,0.72890625,0.0,0.05662558984989427,../raw_data/wavs/voice-2512.wav,..\notebooks\finetune-wav2vec2\train_set\wavs\voice-2512.wav
..\notebooks\finetune-wav2vec2\train_set\wavs\voice-2514.wav,7.0,16000,1,2,112000,0.3304443359375,0.036927688866853714,8.948416380157134,0.664375,0.0,0.09038473557799623,../raw_data/wavs/voice-2514.wav,..\notebooks\finetune-wav2vec2\train_set\wavs\voice-2514.wav
..\notebooks\finetune-wav2vec2\train_set\wavs\voice-2515.wav,6.0,16000,1,2,96000,0.39227294921875,0.04357260465621948,9.00274271675328,0.6187083333333333,0.0,0.06207356326628402,../raw_data/wavs/voice-2515.wav,..\notebooks\finetune-wav2vec2\train_set\wavs\voice-2515.wav
..\notebooks\finetune-wav2vec2\train_set\wavs\voice-2516.wav,6.0,16000,1,2,96000,0.499298095703125,0.04577021673321724,10.908799025650337,0.6235625,0.0,0.06569860102709403,../raw_data/wavs/voice-2516.wav,..\notebooks\finetune-wav2vec2\train_set\wavs\voice-2516.wav
..\notebooks\finetune-wav2vec2\train_set\wavs\voice-2517.wav,6.0,16000,1,2,96000,0.60614013671875,0.050443559885025024,12.016204607690513,0.6200625,0.0,0.06120897092678049,../raw_data/wavs/voice-2517.wav,..\notebooks\finetune-wav2vec2\train_set\wavs\voice-2517.wav
..\notebooks\finetune-wav2vec2\train_set\wavs\voice-2519.wav,6.0,16000,1,2,96000,0.42828369140625,0.0349394716322422,12.257875445690171,0.68259375,0.0,0.06627152366170481,../raw_data/wavs/voice-2519.wav,..\notebooks\finetune-wav2vec2\train_set\wavs\voice-2519.wav
..\notebooks\finetune-wav2vec2\train_set\wavs\voice-2520.wav,7.0,16000,1,2,112000,0.56329345703125,0.044362179934978485,12.697605434558616,0.6211428571428571,0.0,0.08963472888150788,../raw_data/wavs/voice-2520.wav,..\notebooks\finetune-wav2vec2\train_set\wavs\voice-2520.wav
..\notebooks\finetune-wav2vec2\train_set\wavs\voice-2522.wav,5.0,16000,1,2,80000,0.4317626953125,0.04672524333000183,9.24045900121122,0.6206625,0.0,0.06392579907248841,../raw_data/wavs/voice-2522.wav,..\notebooks\finetune-wav2vec2\train_set\wavs\voice-2522.wav
..\notebooks\finetune-wav2vec2\train_set\wavs\voice-2525.wav,6.0,16000,1,2,96000,0.2943115234375,0.025776755064725876,11.41771036340605,0.7664791666666667,0.0,0.061115219950207814,../raw_data/wavs/voice-2525.wav,..\notebooks\finetune-wav2vec2\train_set\wavs\voice-2525.wav
..\notebooks\finetune-wav2vec2\train_set\wavs\voice-2530.wav,6.0,16000,1,2,96000,0.380828857421875,0.04183000326156616,9.104203388188221,0.6409791666666667,0.0,0.07432369087177991,../raw_data/wavs/voice-2530.wav,..\notebooks\finetune-wav2vec2\train_set\wavs\voice-2530.wav
..\notebooks\finetune-wav2vec2\train_set\wavs\voice-2531.wav,6.0,16000,1,2,96000,0.618743896484375,0.05358666926622391,11.546601140861988,0.6722708333333334,0.0,0.062281898769778854,../raw_data/wavs/voice-2531.wav,..\notebooks\finetune-wav2vec2\train_set\wavs\voice-2531.wav
..\notebooks\finetune-wav2vec2\train_set\wavs\voice-2532.wav,6.0,16000,1,2,96000,0.55963134765625,0.05008898675441742,11.172742431386782,0.62909375,0.0,0.06624027333618059,../raw_data/wavs/voice-2532.wav,..\notebooks\finetune-wav2vec2\train_set\wavs\voice-2532.wav
..\notebooks\finetune-wav2vec2\train_set\wavs\voice-2537.wav,5.0,16000,1,2,80000,0.3916015625,0.03776606544852257,10.36913848051703,0.6917,0.0,0.06968837110463881,../raw_data/wavs/voice-2537.wav,..\notebooks\finetune-wav2vec2\train_set\wavs\voice-2537.wav
..\notebooks\finetune-wav2vec2\train_set\wavs\voice-2538.wav,5.0,16000,1,2,80000,0.333953857421875,0.03796100243926048,8.797287636337265,0.6559625,0.0,0.05511318891486144,../raw_data/wavs/voice-2538.wav,..\notebooks\finetune-wav2vec2\train_set\wavs\voice-2538.wav
..\notebooks\finetune-wav2vec2\train_set\wavs\voice-2540.wav,5.0,16000,1,2,80000,0.377593994140625,0.045609600841999054,8.27882698313207,0.6328125,0.0,0.09430117876473455,../raw_data/wavs/voice-2540.wav,..\notebooks\finetune-wav2vec2\train_set\wavs\voice-2540.wav
..\notebooks\finetune-wav2vec2\train_set\wavs\voice-2541.wav,6.0,16000,1,2,96000,0.330078125,0.043667349964380264,7.558922748214554,0.63215625,0.0,0.06224023166907989,../raw_data/wavs/voice-2541.wav,..\notebooks\finetune-wav2vec2\train_set\wavs\voice-2541.wav
..\notebooks\finetune-wav2vec2\train_set\wavs\voice-2546.wav,7.0,16000,1,2,112000,0.999969482421875,0.11872897297143936,8.422286973394614,0.2383482142857143,1.785714285714286e-05,0.058545165581835555,../raw_data/wavs/voice-2546.wav,..\notebooks\finetune-wav2vec2\train_set\wavs\voice-2546.wav
..\notebooks\finetune-wav2vec2\train_set\wavs\voice-2548.wav,6.0,16000,1,2,96000,0.651641845703125,0.054902758449316025,11.869018317261673,0.6080729166666666,0.0,0.06492775966416317,../raw_data/wavs/voice-2548.wav,..\notebooks\finetune-wav2vec2\train_set\wavs\voice-2548.wav
..\notebooks\finetune-wav2vec2\train_set\wavs\voice-2549.wav,9.0,16000,1,2,144000,0.571441650390625,0.048484429717063904,11.786085836738394,0.6206944444444444,0.0,0.07395190244376697,../raw_data/wavs/voice-2549.wav,..\notebooks\finetune-wav2vec2\train_set\wavs\voice-2549.wav
..\notebooks\finetune-wav2vec2\train_set\wavs\voice-2551.wav,6.0,16000,1,2,96000,0.494232177734375,0.03690724819898605,13.391195547002416,0.6666458333333334,0.0,0.09773018468942385,../raw_data/wavs/voice-2551.wav,..\notebooks\finetune-wav2vec2\train_set\wavs\voice-2551.wav
..\notebooks\finetune-wav2vec2\train_set\wavs\voice-2556.wav,7.0,16000,1,2,112000,0.353912353515625,0.03809275105595589,9.29080582801042,0.6942946428571428,0.0,0.0645273618514451,../raw_data/wavs/voice-2556.wav,..\notebooks\finetune-wav2vec2\train_set\wavs\voice-2556.wav
..\notebooks\finetune-wav2vec2\train_set\wavs\voice-2558.wav,6.0,16000,1,2,96000,0.601959228515625,0.04501177370548248,13.373372763631078,0.6442083333333334,0.0,0.0644590047812998,../raw_data/wavs/voice-2558.wav,..\notebooks\finetune-wav2vec2\train_set\wavs\voice-2558.wav
..\notebooks\finetune-wav2vec2\train_set\wavs\voice-2559.wav,6.0,16000,1,2,96000,0.274627685546875,0.036692455410957336,7.484581843080033,0.6584166666666667,0.0,0.06202147939041032,../raw_data/wavs/voice-2559.wav,..\notebooks\finetune-wav2vec2\train_set\wavs\voice-2559.wav
..\notebooks\finetune-wav2vec2\train_set\wavs\voice-2560.wav,5.0,16000,1,2,80000,0.403106689453125,0.04334862902760506,9.29917966255451,0.6221375,0.0,0.061938274228427855,../raw_data/wavs/voice-2560.wav,..\notebooks\finetune-wav2vec2\train_set\wavs\voice-2560.wav
..\notebooks\finetune-wav2vec2\train_set\wavs\voice-2563.wav,6.0,16000,1,2,96000,0.532958984375,0.0563630685210228,9.455819180182006,0.6006770833333334,0.0,0.06177147678621652,../raw_data/wavs/voice-2563.wav,..\notebooks\finetune-wav2vec2\train_set\wavs\voice-2563.wav
..\notebooks\finetune-wav2vec2\train_set\wavs\voice-2572.wav,7.0,16000,1,2,112000,0.290557861328125,0.027874212712049484,10.423894813808408,0.7535714285714286,0.0,0.05852730827953821,../raw_data/wavs/voice-2572.wav,..\notebooks\finetune-wav2vec2\train_set\wavs\voice-2572.wav
..\notebooks\finetune-wav2vec2\train_set\wavs\voice-2573.wav,7.0,16000,1,2,112000,0.387420654296875,0.0484364815056324,7.998530080097252,0.641,0.0,0.07805426834168162,../raw_data/wavs/voice-2573.wav,..\notebooks\finetune-wav2vec2\train_set\wavs\voice-2573.wav
..\notebooks\finetune-wav2vec2\train_set\wavs\voice-2575.wav,6.0,16000,1,2,96000,0.589691162109375,0.04476768150925636,13.17225154908788,0.7348333333333333,0.0,0.08151126574235149,../raw_data/wavs/voice-2575.wav,..\notebooks\finetune-wav2vec2\train_set\wavs\voice-2575.wav
..\notebooks\finetune-wav2vec2\train_set\wavs\voice-2576.wav,8.0,16000,1,2,128000,0.286163330078125,0.0308846365660429,9.265556014110796,0.7708125,0.0,0.05555512152438691,../raw_data/wavs/voice-2576.wav,..\notebooks\finetune-wav2vec2\train_set\wavs\voice-2576.wav
..\notebooks\finetune-wav2vec2\train_set\wavs\voice-2577.wav,5.0,16000,1,2,80000,0.35699462890625,0.03053991124033928,11.68944552905924,0.6829,0.0,0.09741371767147089,../raw_data/wavs/voice-2577.wav,..\notebooks\finetune-wav2vec2\train_set\wavs\voice-2577.wav
..\notebooks\finetune-wav2vec2\train_set\wavs\voice-2578.wav,7.0,16000,1,2,112000,0.272674560546875,0.03231311962008476,8.438509303737716,0.6593928571428571,0.0,0.05995589246332556,../raw_data/wavs/voice-2578.wav,..\notebooks\finetune-wav2vec2\train_set\wavs\voice-2578.wav
..\notebooks\finetune-wav2vec2\train_set\wavs\voice-2582.wav,6.0,16000,1,2,96000,0.427764892578125,0.04062666371464729,10.529166155081084,0.6300416666666667,0.0,0.0602818779362285,../raw_data/wavs/voice-2582.wav,..\notebooks\finetune-wav2vec2\train_set\wavs\voice-2582.wav
..\notebooks\finetune-wav2vec2\train_set\wavs\voice-2583.wav,6.0,16000,1,2,96000,0.4482421875,0.04837878793478012,9.26526286901357,0.6091145833333333,0.0,0.06502151064073584,../raw_data/wavs/voice-2583.wav,..\notebooks\finetune-wav2vec2\train_set\wavs\voice-2583.wav
..\notebooks\finetune-wav2vec2\train_set\wavs\voice-2586.wav,6.0,16000,1,2,96000,0.281829833984375,0.034606289118528366,8.143890638464383,0.678,0.0,0.05496932259711039,../raw_data/wavs/voice-2586.wav,..\notebooks\finetune-wav2vec2\train_set\wavs\voice-2586.wav
..\notebooks\finetune-wav2vec2\train_set\wavs\voice-2587.wav,7.0,16000,1,2,112000,0.32647705078125,0.036905135959386826,8.846385260320671,0.6578928571428572,0.0,0.06093804408967937,../raw_data/wavs/voice-2587.wav,..\notebooks\finetune-wav2vec2\train_set\wavs\voice-2587.wav
..\notebooks\finetune-wav2vec2\train_set\wavs\voice-2591.wav,8.0,16000,1,2,128000,0.332611083984375,0.0359555259346962,9.250624913357573,0.6281796875,0.0,0.08207876624036126,../raw_data/wavs/voice-2591.wav,..\notebooks\finetune-wav2vec2\train_set\wavs\voice-2591.wav
..\notebooks\finetune-wav2vec2\train_set\wavs\voice-2592.wav,5.0,16000,1,2,80000,0.999969482421875,0.12829384207725525,7.794368507724004,0.3007625,1.25e-05,0.05546319328991613,../raw_data/wavs/voice-2592.wav,..\notebooks\finetune-wav2vec2\train_set\wavs\voice-2592.wav
..\notebooks\finetune-wav2vec2\train_set\wavs\voice-2594.wav,6.0,16000,1,2,96000,0.3936767578125,0.04520736634731293,8.708243581101682,0.6280729166666666,0.0,0.061063136074334105,../raw_data/wavs/voice-2594.wav,..\notebooks\finetune-wav2vec2\train_set\wavs\voice-2594.wav
..\notebooks\finetune-wav2vec2\train_set\wavs\voice-2596.wav,5.0,16000,1,2,80000,0.355712890625,0.044141676276922226,8.058436394518411,0.6754625,0.0,0.05991324891561144,../raw_data/wavs/voice-2596.wav,..\notebooks\finetune-wav2vec2\train_set\wavs\voice-2596.wav
..\notebooks\finetune-wav2vec2\train_set\wavs\voice-2600.wav,6.0,16000,1,2,96000,0.42840576171875,0.047390397638082504,9.0399275606518,0.6095625,0.0,0.05867769455931832,../raw_data/wavs/voice-2600.wav,..\notebooks\finetune-wav2vec2\train_set\wavs\voice-2600.wav
..\notebooks\finetune-wav2vec2\train_set\wavs\voice-2602.wav,6.0,16000,1,2,96000,0.599212646484375,0.050446681678295135,11.878137997373738,0.6118645833333334,0.0,0.06235481619600204,../raw_data/wavs/voice-2602.wav,..\notebooks\finetune-wav2vec2\train_set\wavs\voice-2602.wav
..\notebooks\finetune-wav2vec2\train_set\wavs\voice-2605.wav,5.0,16000,1,2,80000,0.39752197265625,0.04417554661631584,8.998688258662742,0.6412625,0.0,0.07225090313628921,../raw_data/wavs/voice-2605.wav,..\notebooks\finetune-wav2vec2\train_set\wavs\voice-2605.wav
..\notebooks\finetune-wav2vec2\train_set\wavs\voice-2608.wav,5.0,16000,1,2,80000,0.453765869140625,0.04777931794524193,9.49711901833067,0.67675,0.0,0.053988174852185655,../raw_data/wavs/voice-2608.wav,..\notebooks\finetune-wav2vec2\train_set\wavs\voice-2608.wav
..\notebooks\finetune-wav2vec2\train_set\wavs\voice-2610.wav,6.0,16000,1,2,96000,0.3643798828125,0.039748404175043106,9.167157534371752,0.6477083333333333,0.0,0.06781320638756654,../raw_data/wavs/voice-2610.wav,..\notebooks\finetune-wav2vec2\train_set\wavs\voice-2610.wav
..\notebooks\finetune-wav2vec2\train_set\wavs\voice-2616.wav,6.0,16000,1,2,96000,0.329010009765625,0.046134550124406815,7.131531766938528,0.608375,0.0,0.06185481098761445,../raw_data/wavs/voice-2616.wav,..\notebooks\finetune-wav2vec2\train_set\wavs\voice-2616.wav
..\notebooks\finetune-wav2vec2\train_set\wavs\voice-2617.wav,6.0,16000,1,2,96000,0.3065185546875,0.03364071995019913,9.111533734749504,0.7059583333333334,0.0,0.06496942676486213,../raw_data/wavs/voice-2617.wav,..\notebooks\finetune-wav2vec2\train_set\wavs\voice-2617.wav
..\notebooks\finetune-wav2vec2\train_set\wavs\voice-2619.wav,7.0,16000,1,2,112000,0.3701171875,0.043936338275671005,8.423942504670356,0.6358125,0.0,0.06662559487138278,../raw_data/wavs/voice-2619.wav,..\notebooks\finetune-wav2vec2\train_set\wavs\voice-2619.wav
..\notebooks\finetune-wav2vec2\train_set\wavs\voice-2620.wav,6.0,16000,1,2,96000,0.494903564453125,0.04120347648859024,12.011208922872564,0.6039270833333333,0.0,0.05841727517994979,../raw_data/wavs/voice-2620.wav,..\notebooks\finetune-wav2vec2\train_set\wavs\voice-2620.wav
